HOMO-3/LUMO,HOMO-3/LUMO+1,HOMO-3/LUMO+2,HOMO-3/LUMO+3,HOMO-2/LUMO,HOMO-2/LUMO+1,HOMO-2/LUMO+2,HOMO-2/LUMO+3,HOMO-1/LUMO,HOMO-1/LUMO+1,HOMO-1/LUMO+2,HOMO-1/LUMO+3,HOMO/LUMO,HOMO/LUMO+1,HOMO/LUMO+2,HOMO/LUMO+3,mulliken_dipole_tot,mulliken_quadrupoles
0.44831,0.45484,0.53763,0.54293,0.39856,0.40509,0.48788,0.49318,0.38114,0.38767,0.47046,0.47576,0.37465,0.38118,0.46397,0.46927,1.0967,5.139306355271432
0.39469,0.41676,0.43825,0.47299,0.36099,0.38306,0.40455,0.43929,0.35,0.37207,0.39356,0.4283,0.31994,0.34201,0.3635,0.39824,0.5465,9.205300000181056
0.45667,0.46321,0.53169,0.54862,0.45171,0.45825,0.52673,0.54366,0.38193,0.38847,0.4569499999999999,0.4738799999999999,0.37325,0.37979,0.44827,0.4652,0.6777,4.277516486623206
0.4757,0.47654,0.55137,0.56996,0.47469,0.47553,0.55036,0.5689500000000001,0.39238,0.39322,0.46805,0.48664,0.38272,0.38356,0.45839,0.47698,0.3705,4.745110287443275
0.50174,0.54061,0.57465,0.5811,0.49282,0.53169,0.56573,0.57218,0.47996,0.51883,0.55287,0.55932,0.41553,0.4544,0.48844,0.49489,0.2787,1.3956230579923792
0.55558,0.55761,0.58852,0.6053000000000001,0.54181,0.54384,0.57475,0.59153,0.50456,0.50659,0.5375,0.55428,0.41348,0.41551,0.44642,0.4632,2.0545,3.335701179662231
0.5505800000000001,0.56913,0.59935,0.6034200000000001,0.52403,0.5425800000000001,0.5728,0.57687,0.43693,0.45548,0.4857,0.48977,0.4255299999999999,0.44408,0.4742999999999999,0.4783699999999999,3.7805,4.026902900907015
0.45353,0.4558299999999999,0.53803,0.54835,0.40303,0.4053299999999999,0.48753,0.49785,0.39066,0.39296,0.47516,0.48548,0.3826,0.3848999999999999,0.4670999999999999,0.4774199999999999,1.1251,3.1982871415806304
0.46085,0.46921,0.53691,0.5492900000000001,0.3867199999999999,0.39508,0.4627799999999999,0.4751599999999999,0.3786199999999999,0.38698,0.45468,0.46706,0.34324,0.3516,0.4193,0.43168,0.5976,5.711449246323855
0.47305,0.47407,0.54619,0.55965,0.46934,0.47036,0.54248,0.55594,0.39227,0.39329,0.46541,0.47887,0.38213,0.38315,0.45527,0.46873,0.3999,4.424881721959733
0.4524,0.46691,0.51998,0.52651,0.41006,0.42457,0.47764,0.48417,0.39187,0.4063799999999999,0.4594499999999999,0.4659799999999999,0.35277,0.36728,0.42035,0.42688,0.9375,7.209245745568672
0.44168,0.4454,0.52041,0.5315300000000001,0.39818,0.4019,0.47691,0.4880299999999999,0.38887,0.39259,0.4676,0.47872,0.3812399999999999,0.3849599999999999,0.45997,0.47109,1.0157,2.6190511055214887
0.50217,0.53854,0.56203,0.57524,0.49298,0.52935,0.55284,0.56605,0.47977,0.51614,0.53963,0.55284,0.40637,0.44274,0.46623,0.47944,0.2532,1.1343606745651933
0.50146,0.53588,0.55682,0.55848,0.49202,0.52644,0.54738,0.54904,0.47505,0.50947,0.53041,0.53207,0.39739,0.43181,0.45275,0.45441,0.0129,1.106211920625218
0.5247299999999999,0.57013,0.60047,0.61598,0.51749,0.56289,0.59323,0.6087400000000001,0.51734,0.56274,0.59308,0.60859,0.41375,0.45915,0.48949,0.505,0.1938,1.1336427273763694
0.4968,0.54297,0.55691,0.56138,0.48934,0.53551,0.54945,0.55392,0.4853699999999999,0.53154,0.54548,0.5499499999999999,0.42644,0.47261,0.48655,0.49102,0.4342,1.9234313331474384
0.44461,0.53861,0.55391,0.571,0.43721,0.5312100000000001,0.54651,0.5636,0.35081,0.44481,0.46011,0.4771999999999999,0.3462,0.4402,0.4555,0.4725899999999999,3.7935,1.5643629544748665
0.47296,0.50701,0.5301899999999999,0.54604,0.46514,0.49919,0.52237,0.53822,0.4517899999999999,0.4858399999999999,0.50902,0.52487,0.40642,0.44047,0.46365,0.4795,0.6506,0.5103673317653995
0.53461,0.5529,0.57534,0.58611,0.5224,0.54069,0.56313,0.5739,0.43592,0.45421,0.47665,0.4874199999999999,0.42374,0.44203,0.46447,0.47524,3.7389,6.9254435506567615
0.5401400000000001,0.55208,0.58375,0.58518,0.52501,0.53695,0.56862,0.57005,0.4316399999999999,0.44358,0.4752499999999999,0.47668,0.42068,0.43262,0.46429,0.46572,4.0687,1.9433701277248585
0.5408499999999999,0.55651,0.58186,0.5925499999999999,0.5268,0.54246,0.56781,0.5785,0.43318,0.44884,0.47419,0.48488,0.42135,0.43701,0.46236,0.4730499999999999,3.7421,3.6312021526394447
0.39391,0.39864,0.44308,0.46789,0.38896,0.39369,0.4381299999999999,0.46294,0.37982,0.38455,0.42899,0.4538,0.3721,0.37683,0.42127,0.44608,3.6158,3.717859369762839
0.38006,0.40067,0.46547,0.47011,0.37313,0.39374,0.45854,0.46318,0.3583,0.37891,0.44371,0.44835,0.35315,0.37376,0.43856,0.4432,3.7857,9.83367073511548
0.386,0.40352,0.46263,0.47729,0.3755,0.39302,0.45213,0.46679,0.36112,0.37864,0.43775,0.45241,0.35376,0.37128,0.43039,0.44505,3.6084,9.481281588828942
0.54333,0.56082,0.5964,0.60993,0.53454,0.55203,0.58761,0.60114,0.44215,0.45964,0.49522,0.50875,0.43539,0.45288,0.48846,0.50199,3.6211,2.9500673235255723
0.4229699999999999,0.4415699999999999,0.5224799999999999,0.5400499999999999,0.41394,0.43254,0.51345,0.53102,0.3753999999999999,0.3939999999999999,0.4749099999999999,0.49248,0.36529,0.38389,0.4648,0.48237,5.3592,1.880920437799891
0.47384,0.4831999999999999,0.55501,0.56505,0.46772,0.47708,0.54889,0.55893,0.38479,0.39415,0.46596,0.476,0.37081,0.38017,0.4519799999999999,0.46202,0.5914,4.147594951294063
0.46745,0.5030600000000001,0.53234,0.53889,0.46689,0.5025,0.53178,0.53833,0.44904,0.48465,0.51393,0.52048,0.3948899999999999,0.4305,0.4597799999999999,0.46633,0.2024,0.9843211332351516
0.42672,0.4475599999999999,0.48451,0.48814,0.40923,0.4300699999999999,0.46702,0.47065,0.38122,0.40206,0.43901,0.44264,0.37624,0.39708,0.43403,0.43766,2.0218,19.92933339276555
0.41903,0.44532,0.45291,0.48268,0.4119899999999999,0.43828,0.44587,0.4756399999999999,0.3722999999999999,0.39859,0.40618,0.4359499999999999,0.36685,0.39314,0.40073,0.4305,1.1431,31.638075137614383
0.4304,0.45092,0.50266,0.52434,0.3967799999999999,0.4173,0.4690399999999999,0.4907199999999999,0.37206,0.39258,0.44432,0.4659999999999999,0.33653,0.35705,0.40879,0.43047,0.6075,5.353139095272356
0.46108,0.4611599999999999,0.49795,0.51163,0.45499,0.45507,0.4918599999999999,0.50554,0.41415,0.41423,0.45102,0.4647,0.40056,0.40064,0.43743,0.45111,0.5044,1.1134628028512374
0.46859,0.48405,0.50193,0.5212,0.46172,0.47718,0.49506,0.51433,0.41081,0.42627,0.44415,0.46342,0.38328,0.39874,0.41662,0.43589,0.5881,1.0394037040534347
0.43668,0.44185,0.47152,0.47525,0.42225,0.42742,0.45709,0.46082,0.41339,0.41856,0.44823,0.45196,0.39499,0.40016,0.42983,0.43356,2.2261,0.6481682600477544
0.50073,0.52797,0.55425,0.56647,0.4815899999999999,0.50883,0.53511,0.54733,0.47036,0.4976,0.52388,0.5361,0.40618,0.43342,0.4597,0.47192,0.1897,1.187843496986591
0.42971,0.44771,0.46617,0.47344,0.4212,0.4392,0.45766,0.46493,0.4139,0.4319,0.45036,0.45763,0.38183,0.3998299999999999,0.41829,0.42556,2.4175,8.359310643827039
0.48954,0.53205,0.56583,0.57241,0.47157,0.51408,0.54786,0.55444,0.43195,0.47446,0.50824,0.51482,0.4130999999999999,0.4556099999999999,0.48939,0.49597,1.7836,1.1092865514975532
0.47418,0.50393,0.52352,0.5303899999999999,0.44239,0.47214,0.49173,0.4986,0.43287,0.46262,0.48221,0.48908,0.41141,0.44116,0.46075,0.46762,1.0167,2.781536196660639
0.40753,0.4253099999999999,0.46048,0.48424,0.38754,0.40532,0.44049,0.46425,0.37401,0.3917899999999999,0.42696,0.45072,0.34995,0.36773,0.4029,0.42666,1.7491,4.377029600082686
0.3995999999999999,0.41596,0.45242,0.47672,0.3854499999999999,0.40181,0.43827,0.46257,0.3730799999999999,0.38944,0.4259,0.4502,0.34491,0.36127,0.39773,0.42203,1.5212,4.1286434382252
0.4047,0.43528,0.45927,0.47962,0.3880699999999999,0.4186499999999999,0.44264,0.46299,0.35645,0.38703,0.41102,0.43137,0.33607,0.36665,0.39064,0.4109899999999999,2.0264,2.0130087944831905
0.38599,0.4070499999999999,0.4447899999999999,0.47011,0.36817,0.3892299999999999,0.4269699999999999,0.4522899999999999,0.35902,0.38008,0.4178199999999999,0.44314,0.33889,0.35995,0.39769,0.42301,3.0761,14.724170655535522
0.4263599999999999,0.42784,0.4447899999999999,0.48523,0.40153,0.40301,0.41996,0.4604,0.38888,0.39036,0.40731,0.44775,0.3795199999999999,0.381,0.3979499999999999,0.43839,2.086,5.98435552531209
0.46909,0.49645,0.5225500000000001,0.52847,0.4425,0.46986,0.49596,0.50188,0.42889,0.45625,0.48235,0.48827,0.40219,0.42955,0.45565,0.46157,1.4835,1.6663948531685602
0.50114,0.55267,0.57084,0.57736,0.4788699999999999,0.5304,0.54857,0.55509,0.44048,0.49201,0.51018,0.5166999999999999,0.41084,0.46237,0.4805399999999999,0.48706,1.7204,1.9650078167783456
0.48427,0.53383,0.53777,0.55045,0.47434,0.5239,0.52784,0.54052,0.4411699999999999,0.49073,0.4946699999999999,0.50735,0.4104299999999999,0.45999,0.4639299999999999,0.47661,1.7816,5.354161302513526
0.5182599999999999,0.53414,0.54548,0.5611200000000001,0.47117,0.48705,0.49839,0.51403,0.44611,0.46199,0.47333,0.48897,0.44076,0.45664,0.4679799999999999,0.48362,1.93,3.96927164267367
0.47955,0.51073,0.52398,0.53025,0.47735,0.5085299999999999,0.5217799999999999,0.52805,0.42341,0.45459,0.46784,0.47411,0.40372,0.4349,0.44815,0.45442,1.2835,3.2779750232930898
0.47617,0.48012,0.51797,0.5324,0.43539,0.43934,0.47719,0.49162,0.4155299999999999,0.4194799999999999,0.45733,0.4717599999999999,0.4035499999999999,0.4075,0.44535,0.4597799999999999,1.5027,2.5518402327209544
0.48349,0.4880899999999999,0.52433,0.53871,0.47701,0.48161,0.51785,0.53223,0.41737,0.42197,0.45821,0.47259,0.4029999999999999,0.4075999999999999,0.44384,0.4582199999999999,0.4968,1.6269130810628247
0.44613,0.45693,0.50192,0.5256500000000001,0.43193,0.4427299999999999,0.48772,0.51145,0.42788,0.4386799999999999,0.48367,0.5074,0.38725,0.3980499999999999,0.44304,0.46677,2.2679,5.424347519594715
0.45044,0.45165,0.4904,0.51779,0.43925,0.4404599999999999,0.47921,0.5065999999999999,0.4291,0.4303099999999999,0.46906,0.49645,0.38469,0.3859,0.4246499999999999,0.45204,1.8245,6.442222923287685
0.44453,0.46828,0.47318,0.50237,0.41666,0.4404099999999999,0.44531,0.4745,0.40844,0.43219,0.43709,0.46628,0.39053,0.41428,0.41918,0.44837,3.8411,10.372031312782148
0.4114,0.44149,0.45398,0.47678,0.40841,0.4385,0.45099,0.47379,0.39892,0.42901,0.4415,0.4643,0.36022,0.39031,0.4028,0.4256,1.4251,8.954007184123393
0.43975,0.4466799999999999,0.48339,0.49972,0.43827,0.4452,0.48191,0.49824,0.43161,0.43854,0.47525,0.49158,0.38338,0.39031,0.42702,0.44335,1.7456,6.8288776891472684
0.46008,0.4797,0.49712,0.50209,0.44597,0.46559,0.48301,0.4879799999999999,0.4332899999999999,0.45291,0.47033,0.4752999999999999,0.3929899999999999,0.41261,0.43003,0.4349999999999999,0.8483,2.938706806289687
0.45829,0.47343,0.50045,0.51448,0.44616,0.4613,0.48832,0.5023500000000001,0.41141,0.42655,0.45357,0.4676,0.3831,0.39824,0.4252599999999999,0.43929,0.5777,0.1997228246011623
0.4511,0.4708799999999999,0.4801499999999999,0.4826399999999999,0.43665,0.45643,0.4657,0.46819,0.42871,0.44849,0.45776,0.46025,0.41308,0.43286,0.44213,0.44462,1.0525,0.5935169191635006
0.47635,0.50009,0.52162,0.52737,0.46363,0.4873699999999999,0.5089,0.51465,0.45531,0.47905,0.50058,0.50633,0.40108,0.42482,0.44635,0.4521,0.1711,1.1188749766320334
0.46616,0.47587,0.49811,0.51652,0.45341,0.46312,0.48536,0.50377,0.43294,0.44265,0.4648899999999999,0.4832999999999999,0.38133,0.39104,0.41328,0.43169,1.6674,6.761637340171387
0.46939,0.49793,0.5108,0.52013,0.4632,0.4917399999999999,0.50461,0.51394,0.45898,0.4875199999999999,0.50039,0.50972,0.40026,0.4287999999999999,0.44167,0.4509999999999999,0.1705,0.735235073519574
0.41786,0.44418,0.47534,0.47868,0.4053199999999999,0.4316399999999999,0.4628,0.46614,0.3795099999999999,0.4058299999999999,0.43699,0.44033,0.37282,0.39914,0.4303,0.43364,1.9531,22.86701083774032
0.412,0.42926,0.44605,0.4713299999999999,0.40697,0.42423,0.44102,0.4663,0.37726,0.39452,0.41131,0.43659,0.36627,0.38353,0.40032,0.4256,3.9729,16.208836586463157
0.4324699999999999,0.4466199999999999,0.4636,0.47314,0.42513,0.43928,0.45626,0.4658,0.41812,0.43227,0.44925,0.45879,0.38824,0.4023899999999999,0.41937,0.42891,1.3187,17.05385377776335
0.5505800000000001,0.57123,0.58681,0.6016900000000001,0.54,0.56065,0.57623,0.59111,0.51214,0.53279,0.54837,0.56325,0.46495,0.4856,0.50118,0.51606,1.4095,3.234110597985171
0.51817,0.56995,0.56996,0.56996,0.47091,0.52269,0.5226999999999999,0.5226999999999999,0.4709,0.52268,0.52269,0.52269,0.4709,0.52268,0.52269,0.52269,0.0001,0.0003999999999999
0.41307,0.45561,0.5146,0.53579,0.35275,0.39529,0.45428,0.47547,0.34901,0.39155,0.45054,0.47173,0.34517,0.38771,0.4467,0.46789,2.7278,6.6147570668417845
0.4018299999999999,0.4341299999999999,0.50383,0.5154299999999999,0.37759,0.40989,0.4795899999999999,0.49119,0.3636,0.3959,0.4656,0.4771999999999999,0.3419899999999999,0.3742899999999999,0.44399,0.4555899999999999,2.3699,3.741200577354815
0.38766,0.41959,0.48679,0.49825,0.3749599999999999,0.40689,0.4740899999999999,0.48555,0.36324,0.39517,0.46237,0.47383,0.34152,0.37345,0.44065,0.45211,2.1493,3.3913761936220914
0.4704,0.48979,0.50295,0.5139400000000001,0.46243,0.48182,0.49498,0.50597,0.45226,0.47165,0.48481,0.4958,0.43487,0.45426,0.46742,0.47841,5.1466,16.52446414542188
0.45175,0.46115,0.53626,0.55247,0.39829,0.40769,0.4828,0.49901,0.38596,0.39536,0.47047,0.48668,0.37839,0.3877899999999999,0.4629,0.47911,2.8343,10.699985350145733
0.39524,0.42922,0.5012099999999999,0.50688,0.37682,0.4108,0.48279,0.48846,0.35888,0.39286,0.46485,0.47052,0.33855,0.37253,0.44452,0.45019,2.1136,5.011445581200432
0.39215,0.42451,0.49372,0.50285,0.37469,0.40705,0.47626,0.48539,0.3634,0.39576,0.46497,0.4740999999999999,0.34176,0.37412,0.44333,0.45246,2.297,2.2684080967350946
0.38675,0.41896,0.48656,0.49869,0.37539,0.4075999999999999,0.4751999999999999,0.48733,0.36336,0.39557,0.4631699999999999,0.4753,0.34177,0.37398,0.44158,0.45371,2.2415,4.294284224408068
0.40124,0.43358,0.50327,0.51426,0.37745,0.40979,0.47948,0.4904699999999999,0.36356,0.3959,0.4655899999999999,0.47658,0.34195,0.37429,0.44398,0.45497,2.3103,3.81186029124888
0.3635,0.39609,0.40224,0.40509,0.34999,0.38258,0.38873,0.39158,0.34265,0.37524,0.38139,0.38424,0.3412,0.37379,0.37994,0.38279,2.6479,8.701822301870646
0.3713,0.39662,0.41812,0.47285,0.36822,0.39354,0.4150399999999999,0.4697699999999999,0.36008,0.3854,0.4069,0.46163,0.35592,0.38124,0.40274,0.45747,4.2083,4.200497381660098
0.38103,0.45802,0.4860299999999999,0.4963499999999999,0.37676,0.45375,0.4817599999999999,0.4920799999999999,0.36701,0.444,0.47201,0.48233,0.0400299999999999,0.11702,0.14503,0.15535,1.8926,17.607115350713567
0.47478,0.4802099999999999,0.5177,0.53184,0.4730999999999999,0.4785299999999999,0.5160199999999999,0.53016,0.44698,0.45241,0.4899,0.50404,0.44121,0.44664,0.48413,0.49827,1.2994,10.36411953295278
0.55054,0.57001,0.5920000000000001,0.59201,0.52292,0.5423899999999999,0.56438,0.56439,0.5083,0.5277700000000001,0.54976,0.54977,0.50829,0.52776,0.54975,0.54976,0.0,0.3130571513318295
0.48381,0.48673,0.56497,0.5841000000000001,0.48306,0.4859799999999999,0.5642199999999999,0.58335,0.39175,0.3946699999999999,0.47291,0.49204,0.38104,0.3839599999999999,0.4622,0.48133,0.3929,4.842927969730709
0.52832,0.52922,0.5407500000000001,0.5510200000000001,0.5214,0.5223,0.53383,0.5441,0.49482,0.49572,0.50725,0.51752,0.49191,0.49281,0.50434,0.51461,0.0,0.5052332530623851
0.38946,0.39258,0.39408,0.40785,0.38532,0.38844,0.38994,0.40371,0.38405,0.38717,0.38867,0.40244,0.36805,0.37117,0.37267,0.38644,0.0892,1.583027630839083
0.53921,0.54817,0.55503,0.56528,0.52244,0.5314,0.53826,0.54851,0.5053099999999999,0.51427,0.52113,0.53138,0.50441,0.51337,0.52023,0.5304800000000001,0.0237,0.4409452120161868
0.45203,0.48628,0.50638,0.50981,0.44942,0.48367,0.50377,0.5072,0.44834,0.4825899999999999,0.50269,0.50612,0.42971,0.46396,0.48406,0.48749,2.0284,6.398655455640661
0.49577,0.50697,0.51678,0.52525,0.47972,0.49092,0.50073,0.5092,0.47342,0.48462,0.49443,0.5029,0.4373,0.4485,0.45831,0.46678,1.7093,6.554661487826812
0.37824,0.38925,0.40532,0.41279,0.37558,0.38659,0.40266,0.41013,0.365,0.37601,0.39208,0.39955,0.35382,0.36483,0.3809,0.38837,1.9444,5.493869228512816
0.3896,0.40303,0.40934,0.42903,0.37542,0.38885,0.3951599999999999,0.41485,0.36491,0.37834,0.38465,0.40434,0.05216,0.06559,0.0718999999999999,0.09159,5.0154,15.85712377744884
0.38157,0.38644,0.39646,0.47369,0.37799,0.38286,0.39288,0.47011,0.36921,0.3740799999999999,0.3841,0.4613299999999999,0.04946,0.05433,0.06435,0.1415799999999999,3.6068,11.492031925353032
0.45141,0.47074,0.52851,0.53683,0.45076,0.47009,0.52786,0.53618,0.37935,0.39868,0.45645,0.46477,0.34749,0.36682,0.42459,0.43291,0.8796,7.76694249710485
0.47028,0.4910599999999999,0.55438,0.56273,0.45922,0.48,0.54332,0.55167,0.38647,0.40725,0.47057,0.47892,0.34823,0.3690099999999999,0.43233,0.4406799999999999,1.6369,5.070416007916247
0.41401,0.45391,0.51082,0.5336700000000001,0.3463,0.3862,0.44311,0.46596,0.34313,0.38303,0.43994,0.46279,0.33611,0.37601,0.4329199999999999,0.45577,3.2427,2.356562362142506
0.45372,0.45843,0.51648,0.53464,0.44855,0.45326,0.5113099999999999,0.52947,0.37623,0.38094,0.43899,0.45715,0.37518,0.37989,0.43794,0.4561,0.7072,4.158268336699786
0.4705,0.48015,0.56244,0.5898300000000001,0.39994,0.40959,0.49188,0.51927,0.38585,0.3955,0.47779,0.50518,0.37821,0.38786,0.47015,0.49754,2.724,6.072480555204219
0.40287,0.43596,0.48068,0.5351,0.34543,0.37852,0.42324,0.47766,0.33369,0.36678,0.4115,0.46592,0.31966,0.35275,0.39747,0.45189,1.7714,7.869366015124725
0.39759,0.43105,0.47522,0.52922,0.34602,0.37948,0.4236499999999999,0.4776499999999999,0.33381,0.36727,0.41144,0.4654399999999999,0.31776,0.35122,0.39539,0.44939,2.1493,8.988484100225133
0.40197,0.436,0.48074,0.5349700000000001,0.3455999999999999,0.3796299999999999,0.4243699999999999,0.4786,0.3332699999999999,0.3672999999999999,0.4120399999999999,0.4662699999999999,0.3167,0.35073,0.39547,0.4497,2.2303,7.4361485470190365
0.46727,0.48307,0.5465800000000001,0.55707,0.46108,0.4768799999999999,0.5403899999999999,0.55088,0.39288,0.40868,0.47219,0.48268,0.352,0.3678,0.4313099999999999,0.4417999999999999,1.1563,6.517394185817928
0.38488,0.39262,0.40338,0.4326,0.38026,0.388,0.39876,0.42798,0.36666,0.3744,0.38516,0.4143799999999999,0.33166,0.3394,0.35016,0.37938,1.1521,9.06730284520522
0.47959,0.48541,0.56462,0.57321,0.47876,0.48458,0.56379,0.57238,0.38952,0.3953399999999999,0.4745499999999999,0.48314,0.36944,0.37526,0.45447,0.46306,0.1407,4.79870443487962
0.4671599999999999,0.4734799999999999,0.54197,0.55689,0.46192,0.46824,0.53673,0.55165,0.38882,0.39514,0.46363,0.47855,0.36973,0.37605,0.44454,0.45946,0.0847,5.056384332702568
0.47042,0.47164,0.5415,0.56147,0.4674,0.46862,0.53848,0.55845,0.38594,0.38716,0.45702,0.47699,0.37772,0.37894,0.4488,0.46877,0.371,4.580141466519711
0.45897,0.46156,0.52494,0.56196,0.4392,0.44179,0.50517,0.54219,0.39331,0.3959,0.45928,0.4963,0.3644199999999999,0.36701,0.43039,0.46741,2.151,4.694915314820208
0.44089,0.44128,0.4763,0.54029,0.41755,0.41794,0.45296,0.51695,0.3931199999999999,0.3935099999999999,0.4285299999999999,0.4925199999999999,0.36225,0.36264,0.39766,0.46165,2.1917,5.551379584691839
0.46902,0.46974,0.54081,0.55583,0.46441,0.46513,0.5362,0.55122,0.38641,0.38713,0.4582,0.47322,0.37751,0.37823,0.4493,0.46432,0.5824,3.92866171021804
0.4647,0.46475,0.5302899999999999,0.55258,0.46469,0.46474,0.53028,0.55257,0.37732,0.37737,0.4429099999999999,0.4651999999999999,0.3773,0.37735,0.44289,0.46518,0.2274,5.586800058471158
0.38856,0.39442,0.39702,0.4031599999999999,0.38241,0.38827,0.39087,0.39701,0.37826,0.38412,0.38672,0.39286,0.3706,0.37646,0.37906,0.3852,0.4393,7.463411523782762
0.36501,0.38638,0.40712,0.4412399999999999,0.36286,0.38423,0.40497,0.43909,0.35163,0.373,0.39374,0.42786,0.30639,0.32776,0.3485,0.3826199999999999,0.0626,15.90317829366193
0.4036,0.4347999999999999,0.48091,0.5344599999999999,0.34665,0.37785,0.42396,0.47751,0.33178,0.3629799999999999,0.40909,0.46264,0.31707,0.3482699999999999,0.39438,0.44793,1.8353,8.30822992219161
0.38402,0.40274,0.42344,0.45928,0.36216,0.38088,0.40158,0.43742,0.35112,0.36984,0.39054,0.42638,0.31349,0.33221,0.35291,0.38875,0.6084,9.79448232254603
0.39542,0.42803,0.47538,0.52614,0.34591,0.37852,0.42587,0.47663,0.3336699999999999,0.36628,0.41363,0.4643899999999999,0.31293,0.34554,0.39289,0.44365,1.4091,7.623172160808998
0.39592,0.4368999999999999,0.4744299999999999,0.5247499999999999,0.34439,0.38537,0.4229,0.47322,0.33117,0.37215,0.40968,0.4599999999999999,0.29879,0.3397699999999999,0.3772999999999999,0.42762,1.278,11.45124207120491
0.39187,0.40802,0.43007,0.47079,0.36866,0.38481,0.40686,0.44758,0.35472,0.37087,0.39292,0.4336399999999999,0.3183,0.33445,0.3565,0.39722,1.4732,9.650988358712285
0.39477,0.43176,0.47799,0.52561,0.34315,0.38014,0.42637,0.47399,0.33563,0.37262,0.41885,0.46647,0.3116,0.3485899999999999,0.3948199999999999,0.4424399999999999,2.4314,6.242364945542141
0.46293,0.48232,0.56047,0.57403,0.40408,0.42347,0.50162,0.51518,0.37234,0.39173,0.46988,0.48344,0.3624199999999999,0.38181,0.45996,0.4735199999999999,2.1451,4.397299348463782
0.47411,0.4861999999999999,0.55031,0.56423,0.47089,0.4829799999999999,0.54709,0.56101,0.3893399999999999,0.4014299999999999,0.4655399999999999,0.47946,0.3590899999999999,0.3711799999999999,0.4352899999999999,0.44921,1.3308,5.914670216785829
0.4669299999999999,0.48395,0.5435099999999999,0.54525,0.4666099999999999,0.48363,0.54319,0.54493,0.37848,0.3955,0.45506,0.4568,0.3565299999999999,0.37355,0.43311,0.4348499999999999,0.8844,7.441898612137451
0.46483,0.46742,0.53017,0.55091,0.45945,0.46204,0.52479,0.5455300000000001,0.39078,0.39337,0.4561199999999999,0.47686,0.37303,0.37562,0.43837,0.45911,0.0838,5.027091284231867
0.46988,0.48292,0.54213,0.54829,0.461,0.47404,0.53325,0.5394100000000001,0.38735,0.40039,0.4596,0.46576,0.35405,0.36709,0.4263,0.43246,0.8461,7.391645010415476
0.45443,0.4605399999999999,0.51249,0.53266,0.44969,0.4558,0.50775,0.5279200000000001,0.37621,0.38232,0.43427,0.45444,0.36868,0.3747899999999999,0.42674,0.44691,0.0722,4.8232819366070645
0.46894,0.48202,0.54593,0.5573,0.46238,0.47546,0.53937,0.55074,0.38809,0.4011699999999999,0.4650799999999999,0.47645,0.35813,0.37121,0.4351199999999999,0.44649,1.3755,7.004999857244823
0.38614,0.39229,0.39289,0.40098,0.38554,0.39169,0.39229,0.40038,0.3831299999999999,0.38928,0.38988,0.39797,0.37024,0.37639,0.37699,0.38508,0.0,8.58904411988513
0.46549,0.4811,0.54325,0.55237,0.4603399999999999,0.47595,0.5381,0.54722,0.3922899999999999,0.4079,0.4700499999999999,0.47917,0.35175,0.36736,0.42951,0.43863,1.2205,6.56673947810733
0.46961,0.48483,0.54483,0.5605100000000001,0.46607,0.48129,0.5412899999999999,0.55697,0.38206,0.39728,0.45728,0.47296,0.35509,0.37031,0.4303099999999999,0.44599,1.4899,6.119660278152701
0.47108,0.4871,0.55192,0.56498,0.46415,0.48017,0.54499,0.55805,0.38276,0.39878,0.4636,0.47666,0.35886,0.37488,0.4397,0.45276,1.0198,7.663317498316249
0.46937,0.48148,0.5630200000000001,0.58353,0.4079399999999999,0.42005,0.50159,0.5221,0.37593,0.38804,0.46958,0.49009,0.37554,0.38765,0.46919,0.4897,2.4366,2.4061585026759977
0.4638,0.4779799999999999,0.5632199999999999,0.5820799999999999,0.40917,0.42335,0.50859,0.52745,0.37568,0.38986,0.4750999999999999,0.49396,0.37507,0.38925,0.4744899999999999,0.49335,1.7502,4.38907959523786
0.45142,0.46119,0.5466,0.56175,0.41108,0.42085,0.5062599999999999,0.5214099999999999,0.3766,0.38637,0.47178,0.48693,0.37558,0.38535,0.47076,0.48591,1.822,4.348470843104888
0.44285,0.46864,0.54443,0.55921,0.43029,0.45608,0.53187,0.54665,0.36916,0.3949499999999999,0.47074,0.4855199999999999,0.3492,0.37499,0.45078,0.46556,5.1055,11.063986037590611
0.44757,0.47209,0.51334,0.52858,0.40365,0.42817,0.46942,0.48466,0.34516,0.36968,0.41093,0.42617,0.32803,0.35255,0.3938,0.4090399999999999,0.9457,8.223432729300661
0.45853,0.46075,0.52382,0.5545800000000001,0.43911,0.44133,0.5044,0.5351600000000001,0.3930099999999999,0.3952299999999999,0.4583,0.48906,0.36463,0.36685,0.42992,0.46068,2.138,4.917756140083944
0.4741499999999999,0.4762599999999999,0.55258,0.56195,0.4729399999999999,0.47505,0.55137,0.56074,0.39119,0.3933,0.46962,0.47899,0.3725799999999999,0.3746899999999999,0.45101,0.46038,0.1435,5.068640134526551
0.4638,0.4648799999999999,0.53442,0.5455099999999999,0.46219,0.4632699999999999,0.53281,0.5438999999999999,0.39225,0.3933299999999999,0.46287,0.4739599999999999,0.38181,0.38289,0.45243,0.46352,0.4302,4.017446727296663
0.44074,0.44078,0.47611,0.5328200000000001,0.41745,0.4174899999999999,0.45282,0.50953,0.39281,0.39285,0.42818,0.48489,0.36243,0.36247,0.3978,0.45451,2.1819,5.200743828851151
0.4712,0.48469,0.54756,0.56276,0.45729,0.47078,0.53365,0.54885,0.37783,0.39132,0.45419,0.46939,0.35758,0.37107,0.43394,0.44914,1.2938,6.867036724332653
0.42269,0.45272,0.49867,0.5402899999999999,0.38226,0.41229,0.45824,0.49986,0.34081,0.37084,0.41679,0.45841,0.30846,0.33849,0.38444,0.42606,0.3654,7.819136266877563
0.45932,0.46388,0.52338,0.54386,0.45714,0.4617,0.5212,0.5416799999999999,0.38287,0.38743,0.44693,0.46741,0.37734,0.3819,0.4414,0.46188,0.355,4.704202448166249
0.46296,0.46678,0.52822,0.5505599999999999,0.45719,0.46101,0.52245,0.54479,0.37634,0.38016,0.4416,0.46394,0.37234,0.37616,0.4376,0.45994,0.1458,4.738851904558037
0.42697,0.45096,0.51825,0.52485,0.38816,0.41215,0.47944,0.48604,0.37911,0.4031,0.47039,0.47699,0.05059,0.07458,0.14187,0.14847,4.4397,6.490375398490702
0.38524,0.39229,0.4001,0.40591,0.37727,0.38432,0.39213,0.39794,0.3751,0.38215,0.38996,0.39577,0.36605,0.3731,0.38091,0.38672,2.722,7.684607457335302
0.44559,0.46204,0.53668,0.5547300000000001,0.4007,0.4171499999999999,0.4917899999999999,0.50984,0.37194,0.38839,0.46303,0.48108,0.36527,0.38172,0.45636,0.47441,2.0923,4.162983373335361
0.45899,0.5187,0.53647,0.53774,0.45825,0.51796,0.53573,0.537,0.38377,0.44348,0.46125,0.46252,0.36315,0.42286,0.4406299999999999,0.4418999999999999,0.7079,2.809852308099721
0.39036,0.40003,0.40892,0.44089,0.36834,0.37801,0.3869,0.41887,0.34043,0.3501,0.35899,0.39096,0.33449,0.34416,0.35305,0.38502,2.4732,6.715678376257557
0.46463,0.48039,0.54282,0.5458000000000001,0.45681,0.47257,0.535,0.53798,0.3921099999999999,0.4078699999999999,0.4702999999999999,0.47328,0.3514899999999999,0.3672499999999999,0.4296799999999999,0.43266,1.1942,6.5877766613630735
0.46546,0.52515,0.54337,0.5446,0.46053,0.52022,0.53844,0.53967,0.38378,0.44347,0.46169,0.46292,0.36318,0.42287,0.44109,0.44232,0.6861,3.306703107326088
0.44823,0.48365,0.52474,0.54843,0.41883,0.45425,0.49534,0.51903,0.35934,0.39476,0.43585,0.45954,0.33583,0.3712499999999999,0.41234,0.43603,1.0018,3.9536101375831176
0.42289,0.4499,0.49735,0.53676,0.3886199999999999,0.41563,0.46308,0.50249,0.33464,0.36165,0.4091,0.44851,0.31017,0.33718,0.38463,0.42404,0.1636,9.164980528802738
0.47817,0.5378000000000001,0.55636,0.56213,0.46577,0.5254,0.54396,0.54973,0.38378,0.4434099999999999,0.46197,0.46774,0.36337,0.423,0.44156,0.44733,0.6664,4.194415778150755
0.46947,0.48979,0.54386,0.55338,0.45685,0.47717,0.5312399999999999,0.54076,0.36194,0.38226,0.43633,0.4458499999999999,0.36043,0.38075,0.43482,0.4443399999999999,1.4674,12.228014899947306
0.38843,0.3896599999999999,0.38987,0.4017799999999999,0.38768,0.38891,0.38912,0.40103,0.37464,0.37587,0.37608,0.38799,0.36322,0.36445,0.36466,0.37657,0.0,9.732822160778102
0.40599,0.4414,0.5138,0.52018,0.38071,0.41612,0.4885199999999999,0.4949,0.36009,0.3955,0.4679,0.47428,0.35905,0.39446,0.4668599999999999,0.47324,2.0931,10.045546310347351
0.41807,0.44138,0.4727599999999999,0.47935,0.41596,0.43927,0.47065,0.47724,0.4117,0.43501,0.4663899999999999,0.47298,0.37723,0.40054,0.4319199999999999,0.43851,2.8003,10.68387450912199
0.40606,0.44146,0.51848,0.5202100000000001,0.38082,0.41622,0.49324,0.4949699999999999,0.36009,0.39549,0.47251,0.47424,0.35908,0.39448,0.4715,0.47323,2.0704,10.377074004104754
0.49366,0.50535,0.51416,0.5178,0.4856399999999999,0.49733,0.50614,0.50978,0.48092,0.49261,0.50142,0.50506,0.45587,0.46756,0.4763699999999999,0.4800099999999999,1.2746,1.113451307122738
0.43741,0.50124,0.51244,0.51995,0.42544,0.48927,0.50047,0.50798,0.42362,0.4874499999999999,0.49865,0.5061599999999999,0.37766,0.4414899999999999,0.45269,0.4601999999999999,2.7705,8.039550545480346
0.48241,0.51662,0.54,0.5475099999999999,0.47728,0.51149,0.53487,0.54238,0.4630599999999999,0.49727,0.52065,0.52816,0.43461,0.46882,0.4921999999999999,0.49971,1.9509,4.533601089641655
0.3925599999999999,0.4275899999999999,0.49497,0.5056,0.37831,0.41334,0.48072,0.49135,0.35962,0.39465,0.46203,0.47266,0.35856,0.39359,0.46097,0.4716,1.9732,9.338030641057744
0.46802,0.51671,0.52237,0.5364800000000001,0.46055,0.50924,0.5149,0.52901,0.45601,0.5047,0.51036,0.52447,0.43079,0.47948,0.48514,0.4992499999999999,1.9073,4.718748632141081
0.41771,0.42047,0.43502,0.48165,0.38061,0.38337,0.39792,0.44455,0.3674699999999999,0.37023,0.38478,0.4314099999999999,0.36028,0.36304,0.37759,0.42422,2.035,32.09404685316785
0.41664,0.44513,0.47888,0.48126,0.40885,0.4373399999999999,0.47109,0.4734699999999999,0.4043,0.43279,0.4665399999999999,0.46892,0.37887,0.4073599999999999,0.44111,0.4434899999999999,3.1855,6.349014172294782
0.4817099999999999,0.52189,0.5272,0.53282,0.4706599999999999,0.51084,0.51615,0.52177,0.45271,0.49289,0.4982,0.50382,0.44605,0.48623,0.49154,0.49716,1.8569,4.20723470227179
0.42338,0.45112,0.4868,0.48778,0.41333,0.44107,0.47675,0.47773,0.40745,0.43519,0.47087,0.47185,0.36992,0.39766,0.43334,0.43432,3.6295,15.49722927601361
0.47553,0.51856,0.53217,0.54586,0.46879,0.5118199999999999,0.52543,0.53912,0.46334,0.50637,0.51998,0.53367,0.4394,0.48243,0.49604,0.50973,1.6906,6.23973208506049
0.44454,0.50779,0.51796,0.5277799999999999,0.42531,0.48856,0.49873,0.5085500000000001,0.42223,0.4854799999999999,0.49565,0.50547,0.38818,0.45143,0.4616,0.47142,2.6437,1.4321131659195092
0.35444,0.3907899999999999,0.39758,0.40148,0.34862,0.38497,0.39176,0.39566,0.3339,0.3702499999999999,0.37704,0.38094,0.32051,0.35686,0.36365,0.36755,2.9983,13.70489840142324
0.37631,0.39503,0.40346,0.46212,0.37106,0.38978,0.3982099999999999,0.45687,0.34181,0.36053,0.3689599999999999,0.42762,0.04373,0.06245,0.07088,0.12954,2.73,6.505471870151567
0.3718,0.39416,0.41639,0.4379699999999999,0.3616,0.38396,0.40619,0.42777,0.3483699999999999,0.37073,0.39296,0.4145399999999999,0.31137,0.33373,0.35596,0.37754,1.9535,9.319009998921558
0.3568,0.38011,0.38299,0.40227,0.35619,0.3795,0.38238,0.40166,0.34746,0.37077,0.37365,0.39293,0.30851,0.33182,0.3347,0.35398,1.837,9.67637788913462
0.34505,0.38831,0.39331,0.3979,0.34224,0.3855,0.3905,0.39509,0.33494,0.3782,0.3832,0.38779,0.32721,0.37047,0.37547,0.38006,3.2148,8.266268272927029
0.37778,0.39035,0.39371,0.43603,0.37158,0.38415,0.38751,0.42983,0.36375,0.37632,0.37968,0.422,0.04303,0.0556,0.05896,0.10128,2.3559,5.976436444348198
0.34663,0.38972,0.39503,0.39926,0.3436599999999999,0.38675,0.3920599999999999,0.39629,0.3367799999999999,0.37987,0.3851799999999999,0.38941,0.3268999999999999,0.36999,0.3752999999999999,0.37953,3.1858,7.399599600879316
0.34776,0.38521,0.39808,0.40174,0.34049,0.37794,0.39081,0.39447,0.33823,0.37568,0.38855,0.39221,0.3266,0.36405,0.37692,0.38058,2.3483,6.443982688782872
0.34695,0.39068,0.39554,0.40066,0.3423699999999999,0.3861,0.39096,0.39608,0.3367,0.38043,0.38529,0.39041,0.3196699999999999,0.3633999999999999,0.36826,0.37338,3.3033,8.694056871986366
0.34626,0.37417,0.3956199999999999,0.4001099999999999,0.3438,0.37171,0.3931599999999999,0.3976499999999999,0.31615,0.34406,0.36551,0.37,0.29851,0.32642,0.3478699999999999,0.35236,2.423,5.150599686120701
0.34903,0.3939,0.39433,0.40232,0.34706,0.39193,0.39236,0.40035,0.33403,0.3788999999999999,0.37933,0.38732,0.32291,0.36778,0.36821,0.3762,4.4136,2.146984323805525
0.37396,0.39456,0.39725,0.43884,0.36934,0.38994,0.39263,0.43422,0.35788,0.37848,0.38117,0.42276,0.03823,0.05883,0.06152,0.10311,0.7384,12.20233057575478
0.34696,0.38954,0.39813,0.4356899999999999,0.34517,0.38775,0.39634,0.4339,0.33672,0.3793,0.38789,0.42545,0.3068,0.34938,0.35797,0.39553,2.948,6.904071379507409
0.53881,0.54617,0.5599000000000001,0.56214,0.53366,0.5410200000000001,0.5547500000000001,0.55699,0.53223,0.53959,0.55332,0.5555599999999999,0.51954,0.5269,0.5406299999999999,0.54287,0.0,1.0938564134900584
0.47073,0.4724199999999999,0.54842,0.5528299999999999,0.46859,0.47028,0.54628,0.55069,0.39088,0.39257,0.46857,0.47298,0.37285,0.37454,0.45054,0.45495,0.1591,5.477839170086444
0.3850599999999999,0.4094399999999999,0.4118799999999999,0.44399,0.36665,0.39103,0.39347,0.42558,0.36575,0.39013,0.39257,0.42468,0.33133,0.3557099999999999,0.3581499999999999,0.39026,0.5194,8.793038894489209
0.38497,0.40951,0.41185,0.44359,0.36645,0.39099,0.39333,0.42507,0.3654099999999999,0.3899499999999999,0.3922899999999999,0.4240299999999999,0.33146,0.356,0.35834,0.39008,0.4838,8.603094875682821
0.46384,0.4797099999999999,0.5393,0.5476,0.4577,0.47357,0.53316,0.54146,0.39218,0.4080499999999999,0.4676399999999999,0.47594,0.35145,0.36732,0.42691,0.43521,1.2242,6.319356230397736
0.4633199999999999,0.47911,0.53277,0.54245,0.4564899999999999,0.47228,0.52594,0.53562,0.39209,0.40788,0.46154,0.47122,0.35143,0.36722,0.42088,0.43056,1.2409,6.382383103512355
0.37929,0.4029399999999999,0.40559,0.43686,0.36612,0.3897699999999999,0.39242,0.42369,0.36585,0.3894999999999999,0.39215,0.42342,0.32757,0.35122,0.35387,0.38514,0.1729,10.140774410270648
0.36995,0.39264,0.40007,0.42882,0.3664,0.38909,0.39652,0.42527,0.36063,0.38332,0.39075,0.4195,0.32261,0.3453,0.35273,0.38148,2.4259,6.979721862653268
0.38436,0.40883,0.41118,0.44312,0.36655,0.39102,0.39337,0.4253099999999999,0.36532,0.38979,0.39214,0.42408,0.33115,0.35562,0.35797,0.38991,0.5559,7.398198754201368
0.45998,0.4779,0.53347,0.54464,0.45862,0.47654,0.53211,0.54328,0.3917,0.40962,0.46519,0.47636,0.3511,0.36902,0.42459,0.43576,1.221,6.263320713487375
0.38644,0.39203,0.39592,0.41453,0.3843499999999999,0.38994,0.39383,0.41244,0.3803499999999999,0.38594,0.38983,0.4084399999999999,0.3412,0.34679,0.35068,0.36929,1.0072,6.174093491355634
0.4099,0.4443,0.51696,0.53001,0.38291,0.4173099999999999,0.48997,0.50302,0.35969,0.39409,0.46675,0.4798,0.34988,0.38428,0.45694,0.46999,2.1145,8.201232639873918
0.45893,0.4600499999999999,0.49258,0.54086,0.42284,0.42396,0.4564899999999999,0.5047699999999999,0.39094,0.3920599999999999,0.42459,0.47287,0.36972,0.3708399999999999,0.40337,0.45165,1.5089,9.401449680058214
0.41201,0.46724,0.51363,0.54155,0.34835,0.40358,0.44997,0.47789,0.3399,0.39513,0.4415199999999999,0.4694399999999999,0.30966,0.36489,0.41128,0.4392,1.8945,8.708441333174
0.41561,0.45675,0.52285,0.53005,0.3486499999999999,0.3897899999999999,0.4558899999999999,0.46309,0.34358,0.38472,0.45082,0.45802,0.3091299999999999,0.3502699999999999,0.4163699999999999,0.42357,3.7823,9.18955897418369
0.43867,0.4389099999999999,0.47394,0.52251,0.41751,0.41775,0.45278,0.50135,0.39268,0.39292,0.42795,0.47652,0.36193,0.36217,0.3972,0.44577,2.274,5.021324869660065
0.45876,0.4625599999999999,0.52669,0.54758,0.45156,0.45536,0.51949,0.54038,0.39044,0.39424,0.45837,0.47926,0.37956,0.38336,0.44749,0.46838,0.2328,2.617722233800472
0.4134199999999999,0.4151999999999999,0.4673799999999999,0.47346,0.41113,0.41291,0.46509,0.47117,0.39088,0.39266,0.44484,0.45092,0.38149,0.38327,0.43545,0.44153,0.6374,3.943580337713434
0.43927,0.44226,0.47577,0.52463,0.4164899999999999,0.4194799999999999,0.45299,0.50185,0.39163,0.3946199999999999,0.42813,0.47699,0.36145,0.36444,0.39795,0.44681,2.2156,4.844173243530142
0.40685,0.4104,0.43873,0.49016,0.40395,0.4075,0.43583,0.4872599999999999,0.38961,0.39316,0.42149,0.47292,0.37898,0.38253,0.41086,0.46229,2.0311,5.939089278107657
0.41877,0.43393,0.4591599999999999,0.50174,0.41343,0.42859,0.45382,0.4964,0.38373,0.39889,0.42412,0.4667,0.34042,0.35558,0.38081,0.42339,3.1052,4.88340003003372
0.40509,0.45219,0.50247,0.50858,0.3438799999999999,0.39098,0.44126,0.44737,0.3423899999999999,0.38949,0.43977,0.44588,0.32304,0.37014,0.42042,0.42653,2.8657,3.484173556718054
0.3780799999999999,0.4042199999999999,0.40839,0.42889,0.3638699999999999,0.3900099999999999,0.39418,0.41468,0.36239,0.38853,0.3927,0.4132,0.32959,0.35573,0.3599,0.3804,1.7554,3.915127129481238
0.44386,0.44597,0.48536,0.5215000000000001,0.41495,0.41706,0.4564499999999999,0.49259,0.38666,0.38877,0.42816,0.4643,0.36875,0.37086,0.41025,0.44639,1.8778,2.182820096419614
0.43683,0.47211,0.49614,0.51729,0.42002,0.4553,0.47933,0.50048,0.38221,0.41749,0.44152,0.46267,0.3455499999999999,0.38083,0.40486,0.42601,2.1381,1.8952467016196075
0.43215,0.47359,0.5305500000000001,0.55538,0.35232,0.39376,0.45072,0.47555,0.34569,0.38713,0.44409,0.46892,0.34054,0.38198,0.43894,0.46377,3.3156,2.6390529677645094
0.4100899999999999,0.4462,0.5196999999999999,0.53155,0.38305,0.41916,0.49266,0.50451,0.35799,0.3941,0.4676,0.47945,0.3488,0.38491,0.45841,0.47026,1.596,10.466939660346444
0.38517,0.41386,0.41527,0.4406799999999999,0.36341,0.3921,0.3935099999999999,0.4189199999999999,0.36101,0.3897,0.3911099999999999,0.41652,0.33273,0.36142,0.36283,0.38824,1.5083,9.188527065857729
0.35453,0.4057,0.41148,0.42685,0.34123,0.3923999999999999,0.39818,0.41355,0.31223,0.3634,0.36918,0.38455,0.29533,0.3465,0.35228,0.36765,0.9092,15.547676391023838
0.36039,0.4081,0.41859,0.43043,0.3474199999999999,0.39513,0.40562,0.4174599999999999,0.33174,0.37945,0.38994,0.40178,0.2995799999999999,0.34729,0.35778,0.3696199999999999,1.2816,14.26321627310381
0.39028,0.42827,0.44484,0.4669,0.36598,0.40397,0.42054,0.4426,0.32747,0.36546,0.38203,0.40409,0.3168,0.35479,0.37136,0.39342,0.8138,10.375401080118944
0.35245,0.3887,0.3931199999999999,0.40976,0.34867,0.38492,0.3893399999999999,0.40598,0.32357,0.35982,0.36424,0.38088,0.30835,0.3446,0.34902,0.36566,2.828,16.574354317840964
0.45803,0.47593,0.51615,0.52956,0.4528299999999999,0.47073,0.51095,0.5243599999999999,0.3897199999999999,0.40762,0.44784,0.46125,0.35012,0.36802,0.40824,0.42165,5.2644,5.9690908029056935
0.43764,0.44046,0.47681,0.50434,0.4129299999999999,0.41575,0.4521,0.47963,0.3923799999999999,0.3952,0.43155,0.45908,0.36399,0.36681,0.40316,0.43069,2.3591,7.418889656815231
0.37887,0.39412,0.41069,0.41468,0.37383,0.38908,0.40565,0.40964,0.35716,0.37241,0.38898,0.39297,0.34634,0.36159,0.37816,0.38215,3.0458,9.131753557778485
0.46043,0.47373,0.49103,0.53952,0.4006099999999999,0.41391,0.43121,0.4796999999999999,0.39204,0.40534,0.42264,0.47113,0.35107,0.3643699999999999,0.38167,0.43016,1.2653,6.456529838853067
0.45158,0.4688,0.53123,0.53593,0.40651,0.42373,0.48616,0.4908599999999999,0.39099,0.40821,0.47064,0.47534,0.34972,0.36694,0.42937,0.4340699999999999,1.4039,1.64241388612412
0.3644799999999999,0.3863799999999999,0.38871,0.39912,0.35898,0.38088,0.38321,0.39362,0.3467,0.3686,0.37093,0.38134,0.33906,0.3609599999999999,0.36329,0.3737,3.0757,4.395032333593615
0.44428,0.44793,0.51486,0.5205,0.44113,0.44478,0.51171,0.51735,0.39005,0.3937,0.46063,0.4662699999999999,0.37125,0.3749,0.44183,0.44747,0.1173,4.464290764873334
0.41307,0.42573,0.50066,0.51042,0.4107699999999999,0.42343,0.49836,0.50812,0.3789099999999999,0.39157,0.4665,0.47626,0.36331,0.3759699999999999,0.4508999999999999,0.4606599999999999,2.1712,4.429605852292805
0.3888799999999999,0.41008,0.43132,0.46487,0.36122,0.38242,0.40366,0.43721,0.35033,0.37153,0.39277,0.42632,0.3158499999999999,0.3370499999999999,0.35829,0.3918399999999999,0.7579,9.336761269305324
0.36132,0.38324,0.38626,0.39041,0.3560799999999999,0.378,0.3810199999999999,0.3851699999999999,0.3342,0.35612,0.35914,0.36329,0.30949,0.33141,0.33443,0.33858,1.4131,16.871668112351347
0.3471,0.38672,0.39455,0.39569,0.34525,0.38487,0.3927,0.3938399999999999,0.33716,0.37678,0.38461,0.38575,0.33509,0.37471,0.38254,0.38368,3.1969,13.811478288003784
0.37535,0.39002,0.39797,0.40215,0.37398,0.38865,0.3966,0.40078,0.36712,0.3817899999999999,0.38974,0.39392,0.35691,0.3715799999999999,0.37953,0.38371,1.4583,4.439002601185691
0.38691,0.3922299999999999,0.39332,0.4020399999999999,0.38399,0.38931,0.3903999999999999,0.39912,0.38034,0.38566,0.38675,0.39547,0.36426,0.36958,0.37067,0.37939,0.4412,8.92941204410085
0.38732,0.3913,0.3990499999999999,0.4335599999999999,0.38151,0.38549,0.39324,0.4277499999999999,0.33597,0.33995,0.3476999999999999,0.3822099999999999,0.32479,0.32877,0.33652,0.3710299999999999,3.1645,4.893704613071778
0.35098,0.4032799999999999,0.41131,0.42539,0.33914,0.39144,0.39947,0.41355,0.29979,0.35209,0.36012,0.3742,0.29085,0.3431499999999999,0.35118,0.36526,1.5728,16.00172527135746
0.3595299999999999,0.40628,0.4201899999999999,0.42993,0.34839,0.39514,0.40905,0.41879,0.3256,0.37235,0.38626,0.396,0.2981499999999999,0.3449,0.3588099999999999,0.36855,1.2783,15.250491997746607
0.43225,0.4358,0.48351,0.50642,0.3976,0.40115,0.44886,0.47177,0.37781,0.38136,0.42907,0.45198,0.33628,0.33983,0.38754,0.41045,3.2952,4.007283138653087
0.4147099999999999,0.41955,0.4326299999999999,0.44742,0.38599,0.39083,0.40391,0.4187,0.37544,0.38028,0.39336,0.40815,0.34075,0.34559,0.35867,0.37346,2.7968,11.986037110182275
0.42978,0.43831,0.45503,0.49776,0.4116,0.42013,0.43685,0.47958,0.37782,0.3863499999999999,0.40307,0.4458,0.3665,0.37503,0.39175,0.43448,1.7088,4.495087551242281
0.38466,0.38861,0.39449,0.41561,0.37987,0.38382,0.3897,0.41082,0.35883,0.36278,0.36866,0.38978,0.05896,0.06291,0.06879,0.08991,1.2921,21.89781340453882
0.46262,0.4637099999999999,0.53283,0.54244,0.45751,0.4586,0.52772,0.53733,0.39226,0.39335,0.46247,0.47208,0.38175,0.3828399999999999,0.45196,0.46157,0.448,3.974642068580935
0.4156999999999999,0.429,0.44047,0.47081,0.39823,0.41153,0.423,0.45334,0.38778,0.40108,0.41255,0.44289,0.34943,0.36273,0.3742,0.40454,0.7712,16.859996513641395
0.39909,0.4044,0.43651,0.46291,0.39104,0.39635,0.42846,0.45486,0.38681,0.3921199999999999,0.42423,0.45063,0.36961,0.37492,0.40703,0.43343,3.4908,4.4861025660737335
0.35636,0.39116,0.3946,0.39498,0.35501,0.38981,0.39325,0.39363,0.35168,0.38648,0.38992,0.3903,0.33877,0.37357,0.37701,0.37739,2.6376,9.2148612924992
0.39017,0.3998,0.40103,0.40691,0.37996,0.38959,0.39082,0.3967,0.37282,0.38245,0.38368,0.38956,0.35104,0.36067,0.3619,0.36778,2.8276,5.72536638827595
0.38699,0.3922,0.39296,0.40205,0.38481,0.39002,0.39078,0.39987,0.3805099999999999,0.3857199999999999,0.38648,0.39557,0.36454,0.3697499999999999,0.37051,0.3796,0.4113,9.019019801138777
0.35724,0.37949,0.38377,0.38769,0.3482099999999999,0.3704599999999999,0.3747399999999999,0.37866,0.2852,0.30745,0.31173,0.31565,0.05452,0.07677,0.08105,0.0849699999999999,2.8548,24.564964710742004
0.3568,0.38477,0.41418,0.45307,0.35322,0.38119,0.4105999999999999,0.44949,0.27896,0.30693,0.33634,0.37523,0.05322,0.08119,0.1106,0.14949,5.0228,24.950252465522937
0.3419399999999999,0.3588699999999999,0.3724599999999999,0.3996599999999999,0.31849,0.33542,0.34901,0.37621,0.30461,0.32154,0.33513,0.36233,0.28902,0.30595,0.31954,0.34674,0.0013,13.32720168277397
0.3410399999999999,0.3513,0.3616499999999999,0.37466,0.3376599999999999,0.34792,0.35827,0.37128,0.2756599999999999,0.28592,0.29627,0.30928,0.0519,0.06216,0.07251,0.08552,3.421,19.522888169872136
0.32873,0.35462,0.36458,0.38172,0.11932,0.14521,0.15517,0.17231,0.04826,0.07415,0.08411,0.1012499999999999,0.04773,0.0736199999999999,0.08358,0.1007199999999999,6.1436,11.362475570930837
0.36435,0.39498,0.43172,0.48122,0.35432,0.38495,0.42169,0.47119,0.32357,0.3542,0.39094,0.44044,0.05411,0.08474,0.12148,0.17098,4.2136,3.4465195903500487
0.35669,0.39104,0.43492,0.46082,0.32455,0.3589,0.40278,0.42868,0.31199,0.34634,0.39022,0.41612,0.2486199999999999,0.28297,0.32685,0.35275,4.7758,12.343505502624987
0.34369,0.37008,0.37163,0.40789,0.32447,0.35086,0.35241,0.38867,0.2775899999999999,0.30398,0.3055299999999999,0.34179,0.0501,0.07649,0.07804,0.1142999999999999,0.0001,21.059945935669763
0.37018,0.41203,0.43408,0.4380699999999999,0.33599,0.37784,0.3998899999999999,0.40388,0.04193,0.08378,0.10583,0.10982,0.03282,0.07467,0.09672,0.10071,9.4126,18.13761981609862
0.37283,0.3841199999999999,0.4323599999999999,0.4694,0.30071,0.312,0.36024,0.39728,0.28223,0.29352,0.34176,0.3788,0.07052,0.08181,0.13005,0.16709,0.0222,23.4814772143208
0.3497099999999999,0.35639,0.3931699999999999,0.3973899999999999,0.32653,0.33321,0.36999,0.37421,0.3165699999999999,0.32325,0.3600299999999999,0.3642499999999999,0.27776,0.28444,0.32122,0.32544,0.9227,10.658958246157704
0.3993,0.4329,0.47047,0.49318,0.38481,0.41841,0.45598,0.47869,0.3073,0.3409,0.37847,0.40118,0.30662,0.3402199999999999,0.3777899999999999,0.4004999999999999,2.5226,11.381476699151712
0.34616,0.37531,0.38534,0.39119,0.30749,0.33664,0.34667,0.35252,0.28043,0.30958,0.31961,0.32546,0.0282499999999999,0.0574,0.06743,0.07328,0.0672,17.431668572266204
0.41428,0.44712,0.48241,0.48838,0.36977,0.40261,0.4379,0.44387,0.3367,0.36954,0.4048299999999999,0.4108,0.0452599999999999,0.0781,0.11339,0.11936,5.3734,10.41905960119882
0.41369,0.44824,0.48422,0.50058,0.39089,0.42544,0.46142,0.47778,0.3207,0.35525,0.3912299999999999,0.40759,0.3098599999999999,0.34441,0.38039,0.39675,2.6973,12.590911967499943
0.39913,0.4348,0.47215,0.49689,0.3860499999999999,0.42172,0.45907,0.4838099999999999,0.3228,0.35847,0.39582,0.42056,0.30384,0.33951,0.37686,0.4016,2.9207,8.037025077311464
0.35867,0.38726,0.4115499999999999,0.4734199999999999,0.35638,0.38497,0.40926,0.47113,0.30484,0.33343,0.35772,0.41959,0.05387,0.08246,0.10675,0.16862,2.2587,20.3125870686134
0.3824599999999999,0.39592,0.42606,0.4688699999999999,0.36643,0.37989,0.41003,0.4528399999999999,0.07986,0.09332,0.12346,0.16627,0.03419,0.04765,0.07779,0.1206,1.6746,14.873654625769236
0.35234,0.39576,0.39922,0.47024,0.33449,0.37791,0.38137,0.45239,0.32277,0.36619,0.36965,0.44067,0.0462999999999999,0.08972,0.09318,0.1642,0.0,12.422732931203182
0.36694,0.3859599999999999,0.4184299999999999,0.47522,0.31909,0.3381099999999999,0.3705799999999999,0.4273699999999999,0.31185,0.33087,0.36334,0.42013,0.06461,0.08363,0.1161,0.17289,0.0,19.897953851589868
0.37149,0.39674,0.44062,0.47553,0.37012,0.39537,0.43925,0.4741599999999999,0.07006,0.09531,0.13919,0.1741,0.02694,0.05219,0.09607,0.1309799999999999,2.0194,13.573726032793402
0.35879,0.3588099999999999,0.36435,0.4282399999999999,0.3372,0.3372199999999999,0.34276,0.4066499999999999,0.29813,0.2981499999999999,0.30369,0.36758,0.29812,0.2981399999999999,0.30368,0.3675699999999999,0.0029,18.6879227442039
0.33358,0.34635,0.35893,0.38211,0.29855,0.31132,0.3239,0.34708,0.0728,0.08557,0.09815,0.12133,0.03209,0.04486,0.05744,0.08062,9.0473,15.326265880942213
0.38414,0.41105,0.47226,0.50255,0.35188,0.37879,0.44,0.47029,0.3378,0.36471,0.4259199999999999,0.45621,0.27694,0.30385,0.36506,0.39535,2.3648,13.88680202470437
0.36662,0.37705,0.44247,0.44766,0.36598,0.37641,0.44183,0.44702,0.07567,0.0861,0.15152,0.15671,0.0351,0.04553,0.11095,0.11614,2.496,20.66837640115933
0.34706,0.395,0.39894,0.46015,0.3115199999999999,0.35946,0.3634,0.42461,0.30217,0.35011,0.35405,0.41526,0.04149,0.08943,0.09337,0.15458,0.0001,42.19473190126938
0.35468,0.39874,0.40828,0.4103,0.34118,0.3852399999999999,0.3947799999999999,0.3968,0.0736,0.11766,0.1272,0.12922,0.01728,0.06134,0.07088,0.0729,3.4372,20.00536400368661
0.3567099999999999,0.40126,0.41089,0.41542,0.32765,0.3722,0.38183,0.38636,0.07489,0.1194399999999999,0.12907,0.1336,0.01741,0.06196,0.07159,0.07612,5.6919,3.205212585773368
0.35714,0.3806,0.41453,0.46768,0.35528,0.37874,0.41267,0.46582,0.27326,0.29672,0.33065,0.3838,0.05974,0.0832,0.11713,0.17028,2.7376,16.66566356014665
0.42219,0.43735,0.50926,0.51828,0.37388,0.38904,0.46095,0.46997,0.35612,0.37128,0.44319,0.45221,0.29672,0.31188,0.38379,0.39281,2.449,11.582041530173628
0.34995,0.38709,0.39774,0.47031,0.34862,0.38576,0.39641,0.46898,0.34134,0.37848,0.38913,0.4617,0.04503,0.0821699999999999,0.09282,0.1653899999999999,0.885,20.37343919813245
0.3626999999999999,0.38752,0.41789,0.47657,0.33144,0.35626,0.38663,0.44531,0.32361,0.34843,0.3788,0.43748,0.06502,0.08984,0.12021,0.17889,0.0,11.253396024904363
0.363,0.37316,0.44781,0.45077,0.36183,0.37199,0.44664,0.4496,0.07827,0.08843,0.16308,0.16604,0.03549,0.04565,0.1203,0.12326,0.0017,7.0467332034070935
0.36884,0.38065,0.3969999999999999,0.4670999999999999,0.36837,0.38018,0.39653,0.46663,0.06817,0.07998,0.09633,0.16643,0.0290899999999999,0.0409,0.0572499999999999,0.12735,3.8802,12.831865673133168
0.39127,0.39252,0.45214,0.47423,0.36411,0.3653599999999999,0.4249799999999999,0.4470699999999999,0.3288,0.33005,0.38967,0.41176,0.09664,0.09789,0.1575099999999999,0.1796,2.6105,11.612328642151551
0.35985,0.38555,0.41937,0.47432,0.3580899999999999,0.3837899999999999,0.41761,0.47256,0.2878099999999999,0.3135099999999999,0.3473299999999999,0.4022799999999999,0.05828,0.08398,0.1177999999999999,0.17275,2.2502,18.12691510691583
0.3677,0.38898,0.39267,0.411,0.34319,0.3644699999999999,0.36816,0.38649,0.0703,0.09158,0.09527,0.1136,0.0259599999999999,0.04724,0.0509299999999999,0.06926,0.602,21.77847617350672
0.35939,0.37264,0.38712,0.41762,0.35894,0.37219,0.38667,0.41717,0.3120699999999999,0.32532,0.3398,0.3702999999999999,0.05619,0.06944,0.08392,0.11442,2.5153,8.757083407923744
0.29922,0.3199499999999999,0.3465399999999999,0.34795,0.08701,0.10774,0.13433,0.13574,0.01805,0.03878,0.06537,0.06678,0.0104,0.03113,0.05772,0.05913,0.0,28.11857902692334
0.3430499999999999,0.3822,0.4045299999999999,0.4368999999999999,0.32933,0.36848,0.39081,0.42318,0.06825,0.1074,0.12973,0.1621,0.0282299999999999,0.06738,0.08971,0.12208,5.9105,15.723792983246758
0.35821,0.38681,0.4106,0.4727099999999999,0.35613,0.3847299999999999,0.40852,0.47063,0.29856,0.32716,0.35095,0.41306,0.0546699999999999,0.08327,0.10706,0.16917,2.422,18.996678535294883
0.37254,0.3945099999999999,0.46329,0.47184,0.36775,0.38972,0.4585,0.46705,0.07825,0.10022,0.1689999999999999,0.1775499999999999,0.02751,0.0494799999999999,0.11826,0.12681,0.0619,26.50218619585939
0.39591,0.44432,0.46586,0.47436,0.36632,0.41473,0.43627,0.44477,0.3152,0.36361,0.38515,0.39365,0.04359,0.092,0.11354,0.12204,1.6953,17.027088429714972
0.34178,0.37027,0.37706,0.3832399999999999,0.3127399999999999,0.34123,0.34802,0.3541999999999999,0.26301,0.2915,0.29829,0.30447,0.05382,0.08231,0.0891,0.09528,2.2663,16.23981367770784
0.38365,0.4215,0.4632199999999999,0.48662,0.38323,0.42108,0.4628,0.4862,0.32931,0.36716,0.40888,0.43228,0.29853,0.33638,0.3781,0.4015,2.0544,9.700978987710467
0.33861,0.37126,0.3743,0.38345,0.26714,0.29979,0.30283,0.31198,0.07868,0.11133,0.11437,0.12352,0.0046,0.03725,0.04029,0.04944,0.0,30.858732731054697
0.36579,0.37665,0.43984,0.45347,0.3569,0.36776,0.43095,0.44458,0.07879,0.08965,0.15284,0.16647,0.03641,0.04727,0.11046,0.12409,0.1921,23.458137679136705
0.35409,0.39112,0.40234,0.47323,0.35101,0.38804,0.39926,0.47015,0.32689,0.36392,0.37514,0.44603,0.04722,0.08425,0.09547,0.16636,1.4084,15.51773021825894
0.38115,0.3817399999999999,0.4267999999999999,0.45874,0.36164,0.36223,0.40729,0.43923,0.32334,0.32393,0.36899,0.40093,0.29139,0.2919799999999999,0.33704,0.36898,1.8103,13.591206781347024
0.3977699999999999,0.39879,0.48075,0.51057,0.39266,0.39368,0.4756399999999999,0.50546,0.33168,0.3327,0.41466,0.44448,0.09917,0.10019,0.1821499999999999,0.21197,0.4751,13.645587295532575
0.37106,0.38065,0.39788,0.43779,0.08576,0.0953499999999999,0.1125799999999999,0.15249,0.05074,0.06033,0.0775599999999999,0.11747,0.04154,0.05113,0.06836,0.10827,0.0,41.8302075237501
0.32595,0.33527,0.34974,0.3532,0.30006,0.30938,0.3238499999999999,0.32731,0.27441,0.28373,0.2982,0.30166,0.06505,0.07437,0.08884,0.0923,0.0,24.853722808732968
0.0598999999999999,0.06989,0.08058,0.08726,0.0530599999999999,0.06305,0.07374,0.0804199999999999,0.03367,0.04366,0.05435,0.06103,0.02528,0.03527,0.04596,0.05264,0.0709,57.18790234912743
0.34538,0.3532,0.39211,0.42431,0.0853,0.09312,0.13203,0.16423,0.03909,0.04691,0.08582,0.11802,0.01841,0.0262299999999999,0.06514,0.09734,7.1912,23.09882953484873
0.35741,0.36294,0.41005,0.42665,0.35401,0.3595399999999999,0.4066499999999999,0.42325,0.06995,0.07548,0.12259,0.13919,0.03798,0.04351,0.0906199999999999,0.10722,2.5997,23.29486773261441
0.34226,0.35553,0.41067,0.4196,0.31371,0.32698,0.38212,0.39105,0.31315,0.32642,0.38156,0.39049,0.0149,0.02817,0.08331,0.0922399999999999,0.4654,13.1378025199549
0.31355,0.31416,0.3576,0.36652,0.31166,0.31227,0.35571,0.36463,0.29467,0.29528,0.33872,0.34764,0.29236,0.29297,0.33641,0.3453299999999999,0.2013,1.0038353317817288
0.36649,0.37844,0.41416,0.45415,0.36371,0.37566,0.4113799999999999,0.45137,0.07928,0.09123,0.12695,0.16694,0.0349299999999999,0.04688,0.0826,0.12259,1.1522,10.62210312540161
0.32719,0.33314,0.37449,0.39088,0.31376,0.31971,0.36106,0.3774499999999999,0.29499,0.30094,0.34229,0.35868,0.02235,0.0283,0.06965,0.08604,0.0093,18.13390275074104
0.35316,0.36934,0.38359,0.3896199999999999,0.34963,0.36581,0.38006,0.38609,0.2718,0.28798,0.30223,0.30826,0.06273,0.07891,0.0931599999999999,0.09919,4.3435,15.5421751643713
0.36823,0.37217,0.39119,0.43763,0.36714,0.37108,0.3901,0.43654,0.07049,0.07443,0.0934499999999999,0.13989,0.03228,0.03622,0.05524,0.10168,3.4006,21.73448163157644
0.29732,0.31871,0.32306,0.32802,0.06057,0.08196,0.08631,0.0912699999999999,0.0551,0.07649,0.08084,0.0858,0.0180999999999999,0.03949,0.04384,0.0487999999999999,0.5243,15.167220238395696
0.32081,0.33433,0.33821,0.35888,0.26549,0.27901,0.28289,0.30356,0.0796,0.09312,0.097,0.11767,0.0163999999999999,0.02992,0.0338,0.05447,0.0,14.619040683072653
0.2991,0.31988,0.34573,0.34647,0.08714,0.10792,0.13377,0.13451,0.01833,0.03911,0.0649599999999999,0.0657,0.01045,0.03123,0.05708,0.05782,0.0,18.20430673146696
0.36372,0.39309,0.43357,0.4497299999999999,0.36154,0.39091,0.43139,0.44755,0.06519,0.09456,0.13504,0.1512,0.02004,0.04941,0.08989,0.10605,3.2204,20.315578457266074
0.36779,0.4115,0.42913,0.46894,0.33456,0.37827,0.3959,0.43571,0.31862,0.36233,0.37996,0.41977,0.06139,0.1051,0.12273,0.16254,6.0256,8.9735221275335
0.36561,0.37377,0.38371,0.38573,0.35439,0.36255,0.37249,0.37451,0.28186,0.29002,0.29996,0.30198,0.0706,0.07876,0.0887,0.09072,0.0,17.952542741721388
0.37512,0.3929999999999999,0.43965,0.46509,0.32466,0.3425399999999999,0.38919,0.41463,0.0889,0.10678,0.15343,0.17887,0.0317,0.04958,0.09623,0.12167,4.1727,2.966685506307221
0.35138,0.37626,0.39888,0.40223,0.33713,0.36201,0.3846299999999999,0.38798,0.29916,0.32404,0.34666,0.35001,0.05456,0.07944,0.10206,0.10541,2.6438,15.693943216625536
0.35502,0.36929,0.38687,0.3890599999999999,0.35101,0.36528,0.38286,0.38505,0.2742,0.28847,0.30605,0.3082399999999999,0.06424,0.07851,0.09609,0.09828,0.0,15.822461199826025
0.37473,0.3779,0.40486,0.45099,0.07664,0.07981,0.10677,0.1528999999999999,0.04764,0.05081,0.07777,0.1239,0.02368,0.02685,0.05381,0.09994,7.1704,26.91717311036457
0.26655,0.2914799999999999,0.29341,0.30457,0.06656,0.09149,0.09342,0.10458,0.04726,0.07219,0.0741199999999999,0.08528,0.02007,0.045,0.04693,0.05809,0.0,21.05553854579201
0.36874,0.40752,0.46492,0.46995,0.36212,0.4009,0.4583,0.46333,0.32338,0.36216,0.41956,0.42459,0.0652,0.1039799999999999,0.16138,0.16641,1.5874,19.07299610688717
0.42537,0.42943,0.44044,0.4485,0.37356,0.3776199999999999,0.38863,0.39669,0.08918,0.09324,0.10425,0.11231,0.08227,0.08633,0.09734,0.1054,6.0772,9.668791856276563
0.35412,0.37268,0.3767,0.394,0.33583,0.35439,0.35841,0.37571,0.08617,0.10473,0.10875,0.12605,0.04985,0.06841,0.07243,0.08973,7.1239,12.13231705844628
0.26896,0.29396,0.29517,0.30752,0.06517,0.09017,0.09138,0.10373,0.04692,0.07192,0.07313,0.08548,0.02122,0.04622,0.04743,0.05978,0.0,31.69562948693926
0.3505999999999999,0.3668099999999999,0.36695,0.37948,0.34718,0.36339,0.36353,0.37606,0.2837199999999999,0.29993,0.30007,0.3126,0.05892,0.07513,0.07527,0.0878,0.0,24.910691770670145
0.3812,0.40818,0.45668,0.45784,0.3589,0.38588,0.43438,0.43554,0.29736,0.3243399999999999,0.37284,0.374,0.04448,0.07146,0.11996,0.1211199999999999,1.3523,11.832421444207156
0.10553,0.11434,0.12379,0.14568,0.04602,0.05483,0.06428,0.08617,0.03493,0.04374,0.05319,0.07508,0.02947,0.03828,0.04773,0.06962,0.0,11.845419464923983
0.4494899999999999,0.46302,0.49732,0.5104299999999999,0.4206499999999999,0.43418,0.46848,0.4815899999999999,0.10966,0.12319,0.15749,0.1706,0.09548,0.10901,0.14331,0.15642,3.384,11.830841774221591
0.36251,0.4025499999999999,0.4358299999999999,0.47484,0.35895,0.39899,0.43227,0.47128,0.32736,0.3674,0.40068,0.43969,0.04266,0.0827,0.11598,0.15499,3.2062,12.144914883467344
0.39298,0.41877,0.43709,0.4730899999999999,0.35658,0.38237,0.40069,0.4366899999999999,0.35082,0.37661,0.39493,0.43093,0.31784,0.34363,0.36195,0.3979499999999999,0.5243,8.829839567813979
0.3559799999999999,0.39642,0.4252499999999999,0.42669,0.3556399999999999,0.39608,0.4249099999999999,0.42635,0.3095199999999999,0.34996,0.3787899999999999,0.3802299999999999,0.0409099999999999,0.08135,0.11018,0.11162,3.6864,4.541194778176041
0.3504299999999999,0.36966,0.3763499999999999,0.38664,0.32614,0.34537,0.35206,0.36235,0.31428,0.33351,0.3402,0.35049,0.31104,0.33027,0.33696,0.34725,1.322,8.732119983906161
0.3605399999999999,0.4009899999999999,0.42808,0.43271,0.3571499999999999,0.3975999999999999,0.42469,0.42932,0.3175699999999999,0.3580199999999999,0.3851099999999999,0.38974,0.0416399999999999,0.08209,0.10918,0.11381,3.9077,9.164534155827743
0.36295,0.38332,0.41444,0.45165,0.33648,0.35685,0.38797,0.42518,0.32707,0.34744,0.37856,0.41577,0.05016,0.07053,0.10165,0.13886,0.278,12.98171887899801
0.36447,0.4021099999999999,0.43828,0.46975,0.33569,0.37333,0.4095,0.44097,0.32644,0.3640799999999999,0.40025,0.43172,0.03422,0.07186,0.10803,0.1395,0.3396,12.469368337115824
0.3876199999999999,0.42395,0.45028,0.47592,0.36017,0.3965,0.42283,0.44847,0.07427,0.1106,0.13693,0.16257,0.0539,0.09023,0.11656,0.1422,2.8946,10.980388237823531
0.349,0.36876,0.37742,0.3869399999999999,0.32031,0.34007,0.34873,0.3582499999999999,0.3009,0.32066,0.32932,0.33884,0.29807,0.31783,0.32649,0.33601,3.046,10.178317733299547
0.35635,0.38573,0.42405,0.4588,0.33471,0.36409,0.40241,0.43716,0.29523,0.32461,0.36293,0.39768,0.2868799999999999,0.31626,0.35458,0.3893299999999999,2.036,12.368400061985922
0.34612,0.3641299999999999,0.3722499999999999,0.3855099999999999,0.32048,0.3384899999999999,0.34661,0.3598699999999999,0.30161,0.3196199999999999,0.32774,0.3409999999999999,0.30039,0.3183999999999999,0.32652,0.3397799999999999,0.72,2.1586690992368425
0.37076,0.38653,0.41635,0.44366,0.35361,0.36938,0.3992,0.42651,0.35207,0.36784,0.39766,0.4249699999999999,0.3165,0.33227,0.36209,0.3893999999999999,4.8531,11.40299889151972
0.38184,0.39426,0.39558,0.3998899999999999,0.37763,0.39005,0.39137,0.39568,0.37059,0.38301,0.38433,0.38864,0.36537,0.37779,0.37911,0.38342,0.3638,2.201624954437063
0.39446,0.4021099999999999,0.4098299999999999,0.47777,0.3849499999999999,0.3925999999999999,0.4003199999999999,0.4682599999999999,0.3611499999999999,0.3688,0.3765199999999999,0.4444599999999999,0.05005,0.0577,0.06542,0.13336,4.3057,10.154610097881651
0.43794,0.44081,0.47933,0.51257,0.40702,0.40989,0.44841,0.48165,0.3831199999999999,0.38599,0.42451,0.45775,0.36091,0.36378,0.4023,0.43554,2.7847,10.05856179050133
0.30795,0.30891,0.3326,0.33627,0.30584,0.3068,0.33049,0.33416,0.29561,0.29657,0.32026,0.32393,0.29556,0.29652,0.32021,0.32388,6.2097,22.65747948559151
0.36851,0.37509,0.3751,0.39882,0.08621,0.09279,0.0928,0.11652,0.0862,0.09278,0.09279,0.11651,0.07524,0.08182,0.08183,0.10555,0.0012,9.084203393437056
0.34426,0.34484,0.35614,0.35797,0.34105,0.34163,0.35293,0.35476,0.30834,0.30892,0.32022,0.32205,0.0354,0.03598,0.04728,0.04911,0.0,12.218910770331917
0.3364,0.37722,0.37963,0.38274,0.3362699999999999,0.37709,0.3795,0.38261,0.3092899999999999,0.35011,0.35252,0.35563,0.30922,0.35004,0.35245,0.35556,0.0005,7.229394055751375
0.06071,0.06106,0.0629899999999999,0.07148,0.04495,0.0453,0.0472299999999999,0.05572,0.0395,0.03985,0.04178,0.05027,0.03576,0.03611,0.03804,0.04653,0.0,39.92519174773408
0.35461,0.38543,0.39124,0.3912899999999999,0.35241,0.38323,0.38904,0.38909,0.01314,0.04396,0.0497699999999999,0.04982,0.0131,0.04392,0.0497299999999999,0.04978,0.7462,23.99210517732865
0.34182,0.36874,0.39202,0.39328,0.33729,0.36421,0.38749,0.38875,0.32799,0.35491,0.37819,0.37945,0.29518,0.3221,0.34538,0.34664,2.2623,17.751525475105886
0.39673,0.45296,0.47846,0.50342,0.39476,0.45099,0.4764899999999999,0.50145,0.38926,0.44549,0.47099,0.49595,0.04927,0.1055,0.131,0.15596,3.6725,2.535089902416349
0.35386,0.39307,0.40617,0.41758,0.32448,0.3636899999999999,0.3767899999999999,0.3882,0.31559,0.3548,0.3679,0.37931,0.31158,0.35079,0.36389,0.3753,2.5577,11.852415131103028
0.37516,0.39488,0.46818,0.49739,0.37276,0.39248,0.46578,0.49499,0.37025,0.38997,0.46327,0.49248,0.07335,0.09307,0.16637,0.19558,1.2387,14.837980485677065
0.36649,0.38287,0.3873,0.38733,0.3569099999999999,0.3732899999999999,0.3777199999999999,0.37775,0.35688,0.37326,0.3776899999999999,0.37772,0.3543199999999999,0.3707,0.3751299999999999,0.37516,1.9169,6.085000438236084
0.1177,0.15382,0.17645,0.17706,0.09741,0.1335299999999999,0.15616,0.15677,0.07814,0.11426,0.1368899999999999,0.1374999999999999,0.06282,0.09894,0.12157,0.12218,1.9623,39.98836953765432
0.38455,0.3902299999999999,0.40719,0.4650499999999999,0.3696,0.37528,0.39224,0.4501,0.34611,0.35179,0.36875,0.42661,0.04839,0.05407,0.07103,0.12889,2.5477,18.27010117249856
0.45237,0.4825,0.51928,0.52591,0.4515,0.48163,0.51841,0.52504,0.38805,0.41818,0.45496,0.46159,0.33566,0.36579,0.40257,0.4092,0.2977,12.650318548294871
0.38975,0.40315,0.42635,0.4402399999999999,0.3772399999999999,0.39064,0.41384,0.4277299999999999,0.3539,0.3673,0.3905,0.40439,0.32836,0.34176,0.36496,0.37885,1.7289,6.695676669314312
0.32741,0.36078,0.38552,0.3997,0.32199,0.35536,0.3801,0.39428,0.30966,0.34303,0.36777,0.38195,0.2786499999999999,0.3120199999999999,0.3367599999999999,0.35094,4.9163,21.676730086738942
0.35366,0.38908,0.40728,0.47038,0.34548,0.3809,0.3991,0.4622,0.3085,0.34392,0.36212,0.42522,0.0535999999999999,0.0890199999999999,0.10722,0.17032,2.125,11.641862140282084
0.35947,0.37784,0.38682,0.42343,0.35718,0.37555,0.38453,0.4211399999999999,0.34207,0.36044,0.36942,0.40603,0.03687,0.05524,0.06422,0.10083,4.0722,13.5482863954573
0.36367,0.37505,0.3951599999999999,0.423,0.35439,0.36577,0.38588,0.41372,0.3337,0.34508,0.3651899999999999,0.39303,0.04564,0.05702,0.0771299999999999,0.10497,3.4603,18.892983782699154
0.35504,0.37194,0.41628,0.42858,0.34275,0.3596499999999999,0.4039899999999999,0.41629,0.32888,0.34578,0.3901199999999999,0.40242,0.06022,0.07712,0.12146,0.13376,5.8888,14.312867198899504
0.36467,0.37528,0.40155,0.4222599999999999,0.34256,0.35317,0.37944,0.40015,0.32355,0.33416,0.36043,0.38114,0.04665,0.05726,0.08353,0.10424,2.6092,19.06251344795153
0.39294,0.39979,0.46946,0.4892,0.36162,0.36847,0.43814,0.45788,0.33871,0.34556,0.41523,0.43497,0.0546699999999999,0.06152,0.13119,0.15093,3.1126,7.3962535498273265
0.35602,0.38162,0.39337,0.41187,0.34923,0.37483,0.38658,0.40508,0.32142,0.34702,0.35877,0.37727,0.2834,0.309,0.32075,0.33925,1.1749,10.464499570133937
0.37478,0.40698,0.4568399999999999,0.4666099999999999,0.35486,0.38706,0.43692,0.44669,0.32852,0.36072,0.41058,0.42035,0.04348,0.07568,0.1255399999999999,0.1353099999999999,6.5316,8.279761214753318
0.46416,0.46816,0.53036,0.55464,0.4591,0.4631,0.5253,0.54958,0.3906,0.3946,0.4568,0.48108,0.38142,0.38542,0.44762,0.4719,0.3943,4.624700130098526
0.37169,0.39504,0.40258,0.43128,0.36936,0.39271,0.40025,0.42895,0.36111,0.3844599999999999,0.3919999999999999,0.4206999999999999,0.32609,0.34944,0.3569799999999999,0.3856799999999999,1.8907,5.625971538617427
0.34025,0.36695,0.39093,0.39221,0.33666,0.36336,0.38734,0.38862,0.32806,0.35476,0.37874,0.38002,0.29328,0.31998,0.34396,0.34524,1.7889,22.42484622288412
0.3840099999999999,0.3903,0.4074299999999999,0.46525,0.36998,0.37627,0.3933999999999999,0.45122,0.34848,0.35477,0.3719,0.42972,0.0479099999999999,0.0542,0.0713299999999999,0.12915,2.2397,16.05597219271799
0.38164,0.39826,0.41302,0.47848,0.37631,0.39293,0.40769,0.47315,0.34577,0.36239,0.37715,0.44261,0.04399,0.06061,0.0753699999999999,0.14083,2.8095,14.524584172131515
0.41823,0.4483999999999999,0.5053799999999999,0.52526,0.41344,0.44361,0.50059,0.52047,0.38336,0.4135299999999999,0.47051,0.49039,0.31601,0.34618,0.40316,0.4230399999999999,5.6565,9.999539093378251
0.43842,0.47389,0.50861,0.5252600000000001,0.43203,0.4675,0.50222,0.51887,0.37453,0.41,0.44472,0.46137,0.32593,0.3614,0.3961199999999999,0.4127699999999999,4.3436,7.030199269816848
0.43587,0.45088,0.45594,0.5011099999999999,0.4200899999999999,0.4351,0.44016,0.48533,0.39326,0.40827,0.41333,0.4585,0.34592,0.36093,0.36599,0.41116,3.7685,8.64831802491097
0.3750699999999999,0.3907299999999999,0.39252,0.40414,0.3639699999999999,0.3796299999999999,0.38142,0.39304,0.34346,0.35912,0.36091,0.37253,0.33986,0.35552,0.35731,0.36893,1.2757,6.326274968204697
0.38148,0.38293,0.4082199999999999,0.4483,0.37026,0.37171,0.3969999999999999,0.4370799999999999,0.3217,0.32315,0.3484399999999999,0.38852,0.04077,0.04222,0.06751,0.10759,1.3436,10.683327865417215
0.40554,0.4462899999999999,0.49877,0.51059,0.37321,0.41396,0.4664399999999999,0.4782599999999999,0.35217,0.39292,0.4454,0.45722,0.07432,0.1150699999999999,0.1675499999999999,0.1793699999999999,5.2169,13.12707855236648
0.41029,0.44819,0.4622699999999999,0.5005999999999999,0.40077,0.43867,0.45275,0.49108,0.3381,0.376,0.39008,0.42841,0.33043,0.36833,0.38241,0.42074,4.1833,11.030061136729932
0.38344,0.39368,0.40985,0.45953,0.37628,0.38652,0.40269,0.45237,0.32311,0.33335,0.34952,0.3992,0.04563,0.0558699999999999,0.0720399999999999,0.12172,1.1875,8.272581571271045
0.38273,0.44497,0.46104,0.4653,0.37017,0.4324099999999999,0.44848,0.45274,0.31166,0.3738999999999999,0.38997,0.3942299999999999,0.30341,0.36565,0.38172,0.38598,3.8224,5.736368534186067
0.38476,0.42018,0.44948,0.45317,0.35393,0.38935,0.4186499999999999,0.42234,0.31793,0.35335,0.38265,0.38634,0.30311,0.33853,0.36783,0.37152,3.3835,12.282154280635517
0.38523,0.41498,0.44139,0.45241,0.3651999999999999,0.3949499999999999,0.4213599999999999,0.43238,0.34989,0.37964,0.4060499999999999,0.41707,0.30358,0.33333,0.35974,0.37076,3.8765,10.218026681311809
0.3815199999999999,0.3922899999999999,0.3935499999999999,0.4566599999999999,0.3655299999999999,0.3762999999999999,0.37756,0.44067,0.35234,0.36311,0.3643699999999999,0.4274799999999999,0.04038,0.05115,0.05241,0.11552,3.0814,13.11687211978018
0.37925,0.38565,0.39341,0.42613,0.3597999999999999,0.3661999999999999,0.3739599999999999,0.40668,0.3578199999999999,0.36422,0.37198,0.4047,0.04342,0.0498199999999999,0.05758,0.0903,1.5375,2.328869433867
0.37402,0.40718,0.41128,0.44053,0.34394,0.3771,0.3812,0.41045,0.31828,0.35144,0.3555399999999999,0.3847899999999999,0.29886,0.33202,0.33612,0.36537,1.7339,7.267315288330347
0.35744,0.37889,0.41519,0.4642,0.34751,0.36896,0.40526,0.45427,0.31066,0.33211,0.36841,0.41742,0.03001,0.05146,0.08776,0.13677,3.2853,12.141789397503704
0.39043,0.41994,0.42143,0.44698,0.36268,0.39219,0.39368,0.41923,0.36138,0.39089,0.39238,0.41793,0.3366,0.36611,0.3676,0.39315,1.1795,8.528361611313942
0.36531,0.39243,0.39748,0.44294,0.36338,0.3905,0.39555,0.44101,0.31513,0.34225,0.3473,0.39276,0.03128,0.0584,0.06345,0.1089099999999999,4.6098,8.053980772264111
0.39809,0.45247,0.45314,0.51364,0.37445,0.42883,0.4295,0.49,0.3173999999999999,0.37178,0.3724499999999999,0.4329499999999999,0.0326,0.08698,0.08765,0.14815,1.9356,10.456040545062937
0.3573099999999999,0.38014,0.39896,0.4510699999999999,0.3533,0.37613,0.39495,0.44706,0.31849,0.34132,0.36014,0.41225,0.03311,0.05594,0.07476,0.12687,2.6532,12.75993786400754
0.3868,0.42177,0.43687,0.45276,0.38653,0.4215,0.4366,0.45249,0.33148,0.36645,0.38155,0.39744,0.32405,0.35902,0.37412,0.39001,5.8312,11.4102641073728
0.38343,0.4124099999999999,0.4395599999999999,0.46214,0.36911,0.3980899999999999,0.4252399999999999,0.44782,0.3308,0.35978,0.38693,0.40951,0.0344,0.0633799999999999,0.09053,0.1131099999999999,3.0242,9.652749486027284
0.36361,0.38854,0.39654,0.46703,0.3502699999999999,0.3752,0.3832,0.45369,0.3434,0.36833,0.37633,0.44682,0.01463,0.03956,0.04756,0.11805,3.8556,8.19662745646037
0.3825,0.38821,0.38887,0.42016,0.38171,0.38742,0.38808,0.41937,0.38042,0.38613,0.3867899999999999,0.41808,0.03292,0.03863,0.03929,0.0705799999999999,0.0,5.410033578454018
0.3973,0.45337,0.47396,0.51642,0.3624099999999999,0.4184799999999999,0.4390699999999999,0.48153,0.3139099999999999,0.36998,0.39057,0.43303,0.03124,0.08731,0.1079,0.15036,3.507,6.064151849461995
0.36477,0.3745,0.37974,0.40199,0.3476,0.35733,0.36257,0.38482,0.32543,0.3351599999999999,0.3404,0.36265,0.0257599999999999,0.03549,0.04073,0.06298,1.3199,12.125902213581195
0.45529,0.47601,0.51031,0.55873,0.4090399999999999,0.42976,0.46406,0.51248,0.37298,0.3937,0.428,0.47642,0.37165,0.39237,0.42667,0.47509,2.9792,3.833499690882992
0.5811299999999999,0.60978,0.61724,0.63503,0.53197,0.56062,0.56808,0.58587,0.50712,0.53577,0.54323,0.5610200000000001,0.46015,0.4888,0.49626,0.51405,1.3345,1.773514728817704
0.47465,0.54999,0.5642,0.5786800000000001,0.4686599999999999,0.544,0.55821,0.5726899999999999,0.4607799999999999,0.5361199999999999,0.55033,0.56481,0.3951199999999999,0.47046,0.48467,0.49915,2.5338,3.647570404164029
0.53675,0.5584399999999999,0.58922,0.60025,0.46011,0.4818,0.51258,0.52361,0.43431,0.456,0.48678,0.49781,0.40039,0.42208,0.45286,0.46389,3.9365,7.580632631471685
0.47829,0.50939,0.53602,0.55278,0.47317,0.50427,0.5309,0.54766,0.46606,0.49716,0.52379,0.54055,0.4265299999999999,0.45763,0.48426,0.50102,5.2823,2.164700910826559
0.48,0.4972299999999999,0.55241,0.5636,0.4528,0.47003,0.5252100000000001,0.5364,0.39262,0.40985,0.46503,0.47622,0.33866,0.35589,0.41107,0.4222599999999999,1.4851,7.94464699278703
0.42027,0.42968,0.51972,0.53676,0.40524,0.41465,0.50469,0.52173,0.3764599999999999,0.38587,0.4759099999999999,0.49295,0.3753599999999999,0.38477,0.4748099999999999,0.49185,1.3348,4.0019789721253325
0.4999,0.5065999999999999,0.5099,0.54435,0.49862,0.50532,0.50862,0.5430699999999999,0.46222,0.46892,0.47222,0.50667,0.44483,0.45153,0.4548299999999999,0.48928,1.0666,0.9607679254984872
0.48817,0.52277,0.55627,0.56353,0.46593,0.50053,0.53403,0.54129,0.46466,0.49926,0.53276,0.5400200000000001,0.40527,0.43987,0.47337,0.48063,0.6487,1.4033106902369603
0.54801,0.5619,0.56763,0.57651,0.51758,0.53147,0.5372,0.54608,0.4712199999999999,0.48511,0.49084,0.49972,0.43826,0.45215,0.45788,0.46676,1.3187,2.97187977100914
0.51632,0.54349,0.57019,0.58834,0.47516,0.50233,0.52903,0.54718,0.4599,0.48707,0.51377,0.53192,0.41583,0.4429999999999999,0.4697,0.48785,5.6733,6.992523682715228
0.47729,0.48066,0.55203,0.5708500000000001,0.39236,0.39573,0.4671,0.48592,0.38893,0.3923,0.4636699999999999,0.48249,0.37269,0.37606,0.44743,0.46625,0.8383,5.036479216013239
0.3978899999999999,0.45274,0.48885,0.52287,0.39649,0.45134,0.48745,0.52147,0.38548,0.44033,0.47644,0.51046,0.0513799999999999,0.10623,0.14234,0.17636,2.4277,6.79778469012761
0.46056,0.51635,0.54029,0.56398,0.44989,0.50568,0.52962,0.55331,0.40126,0.45705,0.48099,0.50468,0.38857,0.44436,0.4683,0.49199,3.6677,4.37828071735927
0.3997,0.4713,0.50608,0.53517,0.38629,0.45789,0.49267,0.52176,0.36438,0.43598,0.4707599999999999,0.49985,0.03376,0.10536,0.14014,0.16923,3.004,3.159952900492875
0.48076,0.49983,0.54593,0.57092,0.43617,0.45524,0.50134,0.52633,0.38934,0.40841,0.45451,0.4795,0.33169,0.3507599999999999,0.39686,0.4218499999999999,2.1265,6.851911640313721
0.46079,0.46682,0.52417,0.5513600000000001,0.39766,0.40369,0.46104,0.48823,0.38824,0.39427,0.45162,0.47881,0.3505399999999999,0.35657,0.41392,0.44111,4.6379,6.203141616955073
0.45792,0.4608799999999999,0.51518,0.53494,0.42988,0.43284,0.48714,0.5069,0.39354,0.3964999999999999,0.4508,0.47056,0.3413,0.3442599999999999,0.3985599999999999,0.4183199999999999,1.347,6.687486066278319
0.48856,0.55815,0.57252,0.59671,0.47158,0.54117,0.55554,0.57973,0.43573,0.50532,0.51969,0.54388,0.3658,0.43539,0.44976,0.47395,0.0003,4.446763111897612
0.43068,0.4877,0.5504100000000001,0.57111,0.413,0.47002,0.5327299999999999,0.55343,0.38586,0.44288,0.50559,0.5262899999999999,0.37673,0.43375,0.49646,0.5171600000000001,4.8244,1.6417556131572486
0.53842,0.56311,0.56376,0.57557,0.51954,0.54423,0.54488,0.55669,0.5172,0.54189,0.54254,0.55435,0.39579,0.42048,0.42113,0.43294,0.4638,1.341419432293022
0.46496,0.46803,0.53692,0.55168,0.46137,0.46444,0.53333,0.54809,0.39069,0.39376,0.46265,0.47741,0.38005,0.38312,0.45201,0.46677,0.337,3.393774599665295
0.42745,0.45887,0.5238700000000001,0.53418,0.36556,0.39698,0.46198,0.47229,0.3512099999999999,0.3826299999999999,0.44763,0.45794,0.31421,0.34563,0.41063,0.42094,4.8788,7.027758695345195
0.46332,0.4968,0.54024,0.54768,0.44019,0.47367,0.51711,0.5245500000000001,0.39307,0.42655,0.46999,0.47743,0.33392,0.3673999999999999,0.41084,0.41828,0.5897,6.74658311295429
0.47457,0.52132,0.53545,0.55486,0.46717,0.51392,0.52805,0.5474600000000001,0.46597,0.51272,0.52685,0.54626,0.43947,0.48622,0.5003500000000001,0.51976,1.6966,5.730795931921963
0.43367,0.50901,0.5199,0.55013,0.43249,0.50783,0.51872,0.54895,0.4300299999999999,0.50537,0.5162599999999999,0.5464899999999999,0.4075399999999999,0.48288,0.49377,0.524,2.8281,2.0781239263656373
0.5108,0.52572,0.54337,0.55501,0.4833199999999999,0.49824,0.51589,0.52753,0.4153799999999999,0.4303,0.44795,0.45959,0.3894499999999999,0.40437,0.42202,0.43366,3.0746,3.026141386870966
0.46221,0.46957,0.50634,0.53971,0.41797,0.42533,0.4621,0.4954699999999999,0.39247,0.39983,0.4366,0.46997,0.35375,0.36111,0.39788,0.43125,0.7196,0.4275791154862454
0.43939,0.44266,0.46748,0.52488,0.41385,0.41712,0.44194,0.49934,0.38888,0.39215,0.4169699999999999,0.4743699999999999,0.38291,0.38618,0.411,0.4684,1.8576,0.9466221844009362
0.41556,0.43848,0.5065999999999999,0.52371,0.3893,0.41222,0.48034,0.49745,0.3743999999999999,0.3973199999999999,0.4654399999999999,0.48255,0.32436,0.34728,0.4154,0.43251,3.6015,17.48946201154665
0.42821,0.43391,0.45261,0.5174000000000001,0.40351,0.40921,0.42791,0.4927,0.38551,0.39121,0.40991,0.4747,0.38226,0.3879599999999999,0.4066599999999999,0.47145,3.0355,7.256529931953243
0.42389,0.4894699999999999,0.51547,0.54011,0.41217,0.47775,0.5037499999999999,0.5283899999999999,0.38438,0.44996,0.47596,0.5005999999999999,0.37376,0.4393399999999999,0.46534,0.4899799999999999,3.4766,3.820273185694098
0.39306,0.41666,0.46225,0.47879,0.3727,0.3963,0.44189,0.45843,0.36599,0.38959,0.43518,0.45172,0.05158,0.07518,0.12077,0.13731,4.0478,1.4058462647103345
0.40928,0.46777,0.48405,0.50718,0.3965499999999999,0.45504,0.4713199999999999,0.4944499999999999,0.3855599999999999,0.44405,0.4603299999999999,0.48346,0.05008,0.10857,0.1248499999999999,0.14798,4.5953,10.966812924455308
0.41575,0.44074,0.52256,0.52827,0.38888,0.41387,0.49569,0.5014000000000001,0.37162,0.39661,0.47843,0.48414,0.33649,0.36148,0.4433,0.44901,2.0162,11.29750158633905
0.43692,0.47997,0.51787,0.53038,0.4175299999999999,0.46058,0.49848,0.5109899999999999,0.39809,0.44114,0.47904,0.49155,0.39457,0.43762,0.47552,0.4880299999999999,2.5672,5.716180142367803
0.38886,0.39754,0.40455,0.41627,0.38232,0.391,0.39801,0.40973,0.36997,0.37865,0.38566,0.39738,0.33856,0.34724,0.35425,0.36597,1.2928,8.202374715085057
0.38615,0.39297,0.39665,0.40115,0.38049,0.38731,0.39099,0.39549,0.37839,0.38521,0.38889,0.39339,0.37339,0.38021,0.38389,0.38839,1.1403,4.919084332813713
0.39516,0.43197,0.45496,0.49514,0.38271,0.41952,0.4425099999999999,0.4826899999999999,0.3692,0.40601,0.429,0.46918,0.04055,0.07736,0.10035,0.14053,2.3142,5.597246852992401
0.48663,0.53053,0.53161,0.5369,0.47127,0.51517,0.51625,0.52154,0.44711,0.49101,0.49209,0.49738,0.17152,0.21542,0.2165,0.22179,0.1996,22.86226322509067
0.39336,0.3942699999999999,0.4203099999999999,0.44377,0.39133,0.39224,0.41828,0.44174,0.38589,0.3868,0.41284,0.4363,0.37901,0.37992,0.40596,0.42942,3.8194,8.991196664145065
0.38447,0.38809,0.3923,0.39348,0.38388,0.3874999999999999,0.39171,0.3928899999999999,0.3784,0.3820199999999999,0.3862299999999999,0.38741,0.35957,0.3631899999999999,0.3673999999999999,0.3685799999999999,0.8738,1.4962043175983688
0.40356,0.41038,0.4257,0.43553,0.40347,0.41029,0.42561,0.43544,0.38411,0.39093,0.40625,0.41608,0.38102,0.38784,0.40316,0.41299,3.5129,5.997282507936407
0.38103,0.41605,0.45159,0.49108,0.37426,0.40928,0.44482,0.48431,0.35319,0.38821,0.4237499999999999,0.46324,0.33344,0.36846,0.404,0.44349,2.6198,7.269990322781271
0.4183599999999999,0.42101,0.45125,0.4652199999999999,0.40937,0.41202,0.44226,0.4562299999999999,0.3852,0.38785,0.41809,0.43206,0.36717,0.36982,0.40006,0.41403,1.5391,11.25774434422811
0.4000399999999999,0.4104799999999999,0.44293,0.45926,0.37314,0.38358,0.41603,0.4323599999999999,0.37214,0.38258,0.41503,0.4313599999999999,0.3599,0.37034,0.40279,0.41912,4.1008,10.713286573534129
0.40895,0.42399,0.43581,0.44064,0.3944,0.4094399999999999,0.4212599999999999,0.4260899999999999,0.39221,0.40725,0.41907,0.4239,0.3559299999999999,0.3709699999999999,0.3827899999999999,0.3876199999999999,4.0476,14.80823478474055
0.34182,0.39176,0.39881,0.40129,0.33889,0.38883,0.39588,0.39836,0.33437,0.38431,0.39136,0.3938399999999999,0.31763,0.36757,0.37462,0.3771,2.2413,5.215252712317336
0.38639,0.41773,0.46728,0.47751,0.3790699999999999,0.41041,0.45996,0.47019,0.3720199999999999,0.40336,0.45291,0.46314,0.3330599999999999,0.3644,0.41395,0.42418,3.7869,8.048672936577805
0.373,0.38621,0.38955,0.42699,0.36734,0.38055,0.38389,0.42133,0.3327,0.34591,0.34925,0.38669,0.03718,0.05039,0.05373,0.09117,5.2391,0.1674159291505242
0.37141,0.43487,0.43733,0.45817,0.35503,0.41849,0.42095,0.44179,0.33309,0.3965499999999999,0.39901,0.41985,0.3275,0.39096,0.39342,0.41426,3.5648,8.903388371475959
0.42008,0.42125,0.4284,0.4619,0.39062,0.39179,0.39894,0.43244,0.38748,0.38865,0.3958,0.4293,0.38264,0.38381,0.39096,0.42446,5.2294,4.376629310325471
0.36432,0.385,0.39519,0.41915,0.36363,0.38431,0.3945,0.41846,0.34904,0.36972,0.37991,0.40387,0.33053,0.3512099999999999,0.3614,0.38536,2.8714,0.6275301055195148
0.3416,0.38554,0.41038,0.41728,0.32896,0.3728999999999999,0.39774,0.40464,0.31681,0.3607499999999999,0.38559,0.39249,0.29709,0.34103,0.36587,0.37277,4.1808,10.527667584354411
0.33902,0.36001,0.40022,0.43668,0.32915,0.35014,0.39035,0.42681,0.30926,0.33025,0.37046,0.40692,0.29205,0.31304,0.35325,0.38971,10.9983,30.51632332736039
0.3691899999999999,0.3869399999999999,0.42323,0.44047,0.34536,0.36311,0.3994,0.41664,0.32625,0.344,0.38029,0.39753,0.04049,0.05824,0.09453,0.11177,2.0644,35.13063574393913
0.3959499999999999,0.40445,0.40935,0.41296,0.3882899999999999,0.39679,0.40169,0.4053,0.3752,0.3837,0.3886,0.39221,0.37201,0.38051,0.38541,0.38902,2.9144,23.106531509798984
0.4044,0.43821,0.44389,0.46146,0.38737,0.42118,0.42686,0.44443,0.34251,0.37632,0.382,0.39957,0.0622599999999999,0.09607,0.10175,0.11932,7.9078,7.992036591090742
0.44948,0.47717,0.5521699999999999,0.56555,0.42964,0.45733,0.53233,0.54571,0.368,0.39569,0.4706899999999999,0.48407,0.35711,0.3848,0.4598,0.47318,4.4767,9.395400937692866
0.42852,0.47335,0.53005,0.5490200000000001,0.41047,0.4553,0.512,0.5309699999999999,0.39714,0.44197,0.4986699999999999,0.51764,0.10619,0.15102,0.20772,0.22669,0.0,12.20243654412238
0.47644,0.51198,0.55033,0.55902,0.4533,0.48884,0.52719,0.53588,0.3936199999999999,0.42916,0.46751,0.4761999999999999,0.3346699999999999,0.37021,0.40856,0.41725,0.0,6.185030188554728
0.47897,0.50912,0.55724,0.57809,0.44814,0.47829,0.52641,0.54726,0.39364,0.42379,0.47191,0.49276,0.33274,0.36289,0.41101,0.43186,3.0636,5.968296327540493
0.45679,0.49561,0.54874,0.5724899999999999,0.40559,0.4444099999999999,0.49754,0.52129,0.39157,0.43039,0.48352,0.50727,0.32734,0.36616,0.41929,0.44304,4.608,3.8935711850861714
0.50486,0.52095,0.6178400000000001,0.65266,0.40645,0.42254,0.5194300000000001,0.55425,0.40286,0.41895,0.51584,0.5506599999999999,0.38464,0.40073,0.49762,0.53244,2.018,6.181455460757873
0.40221,0.4392,0.50297,0.51995,0.38461,0.4216,0.4853699999999999,0.50235,0.35818,0.3951699999999999,0.4589399999999999,0.47592,0.32642,0.36341,0.42718,0.44416,0.2762,7.420161310915013
0.38771,0.41788,0.50431,0.51823,0.38249,0.41266,0.49909,0.51301,0.35962,0.3897899999999999,0.47622,0.49014,0.34946,0.37963,0.46606,0.4799799999999999,3.3463,4.680632693700001
0.4663199999999999,0.49767,0.54164,0.55019,0.4264099999999999,0.45776,0.50173,0.51028,0.3925499999999999,0.4239,0.46787,0.4764199999999999,0.32409,0.35544,0.39941,0.40796,1.7705,9.489444800057235
0.41091,0.4554499999999999,0.48754,0.51662,0.40288,0.44742,0.47951,0.50859,0.39421,0.43875,0.47084,0.49992,0.32308,0.36762,0.39971,0.42879,4.2478,11.342578897822722
0.4368499999999999,0.4547299999999999,0.501,0.52254,0.4301899999999999,0.4480699999999999,0.49434,0.51588,0.3946199999999999,0.4125,0.45877,0.48031,0.33343,0.35131,0.39758,0.41912,3.5441,6.934375326828895
0.46336,0.48083,0.5263599999999999,0.54877,0.45143,0.4689,0.5144299999999999,0.53684,0.38185,0.39932,0.44485,0.46726,0.33998,0.35745,0.40298,0.42539,1.8654,7.51578270131151
0.4006099999999999,0.53087,0.53146,0.53913,0.39511,0.52537,0.52596,0.53363,0.38106,0.51132,0.5119100000000001,0.51958,0.31218,0.44244,0.44303,0.4507,4.5592,5.11355389659025
0.4190899999999999,0.4453,0.50453,0.52311,0.40449,0.4306999999999999,0.48993,0.50851,0.38592,0.41213,0.47136,0.48994,0.3268999999999999,0.35311,0.41234,0.4309199999999999,4.9781,6.423200866650002
0.41681,0.4265299999999999,0.50244,0.56746,0.39334,0.40306,0.47897,0.54399,0.35494,0.36466,0.44057,0.50559,0.30625,0.31597,0.39188,0.4569,2.4223,13.732487038163674
0.51899,0.54533,0.56419,0.57239,0.51523,0.54157,0.56043,0.56863,0.48287,0.5092099999999999,0.52807,0.53627,0.44346,0.4698,0.48866,0.4968599999999999,1.2792,1.447329029626643
0.44638,0.52107,0.56685,0.58928,0.43416,0.50885,0.55463,0.57706,0.09249,0.16718,0.2129599999999999,0.23539,0.05637,0.13106,0.17684,0.19927,2.7343,10.55509959782474
0.43734,0.4594399999999999,0.51746,0.5378499999999999,0.37754,0.39964,0.45766,0.47805,0.34994,0.37204,0.43006,0.45045,0.30581,0.32791,0.38593,0.40632,1.3339,10.709965826898484
0.40957,0.4198699999999999,0.513,0.5492699999999999,0.40073,0.41103,0.50416,0.54043,0.36815,0.3784499999999999,0.47158,0.5078499999999999,0.3646,0.3748999999999999,0.4680299999999999,0.5043,3.1438,2.8338474364957147
0.52249,0.53575,0.55582,0.56675,0.50825,0.52151,0.54158,0.5525100000000001,0.48404,0.4972999999999999,0.51737,0.5283,0.46107,0.47433,0.4944,0.5053300000000001,2.1665,1.447237165544519
0.4296,0.45553,0.5399,0.54518,0.38847,0.4144,0.49877,0.50405,0.37117,0.3971,0.4814699999999999,0.48675,0.33644,0.3623699999999999,0.44674,0.45202,2.2375,8.197966343348005
0.38615,0.42844,0.4835,0.49681,0.3704599999999999,0.4127499999999999,0.4678099999999999,0.48112,0.3556999999999999,0.3979899999999999,0.4530499999999999,0.46636,0.34928,0.39157,0.4466299999999999,0.45994,4.7227,12.175586944921108
0.40208,0.4483,0.50849,0.5497299999999999,0.38447,0.43069,0.49088,0.53212,0.36844,0.41466,0.47485,0.5160899999999999,0.04165,0.08787,0.14806,0.1893,2.6895,10.528777378214434
0.41556,0.50391,0.51172,0.5544899999999999,0.39535,0.4836999999999999,0.49151,0.53428,0.35082,0.43917,0.44698,0.48975,0.32053,0.4088799999999999,0.41669,0.45946,1.7906,11.054838215007942
0.47733,0.50147,0.56473,0.58702,0.45441,0.47855,0.54181,0.5641,0.38753,0.41167,0.47493,0.49722,0.3343299999999999,0.3584699999999999,0.42173,0.4440199999999999,3.9709,7.756849845136878
0.4794299999999999,0.50285,0.57317,0.58537,0.45558,0.479,0.54932,0.56152,0.38947,0.41289,0.48321,0.49541,0.3357,0.35912,0.42944,0.44164,2.5955,8.335858804786303
0.48808,0.49347,0.5641,0.5905,0.46572,0.47111,0.54174,0.56814,0.3961,0.40149,0.47212,0.4985199999999999,0.34566,0.35105,0.42168,0.44808,4.8153,8.816042552831362
0.43238,0.4845399999999999,0.48802,0.4939599999999999,0.40573,0.4578899999999999,0.4613699999999999,0.46731,0.40019,0.45235,0.4558299999999999,0.46177,0.06371,0.11587,0.11935,0.12529,2.0748,14.18378326164544
0.4121599999999999,0.45787,0.52027,0.52996,0.34887,0.39458,0.45698,0.46667,0.34484,0.39055,0.4529499999999999,0.46264,0.33658,0.38229,0.44469,0.45438,3.7734,9.275832600904351
0.38038,0.45951,0.48262,0.4951,0.36005,0.43918,0.46229,0.47477,0.34989,0.42902,0.45213,0.4646099999999999,0.3061399999999999,0.38527,0.4083799999999999,0.42086,2.9188,17.96456599067546
0.41731,0.43286,0.45405,0.49889,0.41567,0.43122,0.45241,0.4972499999999999,0.39462,0.41017,0.43136,0.4762,0.33323,0.34878,0.36997,0.41481,3.637,9.69910622755176
0.39936,0.42346,0.46093,0.49334,0.3956099999999999,0.4197099999999999,0.45718,0.4895899999999999,0.38187,0.40597,0.44344,0.47585,0.32603,0.35013,0.3876,0.42001,5.0718,10.662186344898188
0.41115,0.45513,0.50457,0.54409,0.39759,0.44157,0.49101,0.53053,0.39527,0.43925,0.48869,0.5282100000000001,0.0595199999999999,0.1035,0.15294,0.19246,3.5949,4.407876298173532
0.36028,0.39009,0.39413,0.40952,0.35085,0.38066,0.3847,0.40009,0.34811,0.37792,0.3819599999999999,0.39735,0.33453,0.36434,0.36838,0.38377,2.2521,7.98974461669458
0.4123799999999999,0.45303,0.4927399999999999,0.52719,0.39609,0.43674,0.47645,0.5109,0.36282,0.40347,0.44318,0.47763,0.02719,0.06784,0.1075499999999999,0.142,3.007,18.69609166251956
0.38238,0.39048,0.3997,0.46606,0.37903,0.38713,0.39635,0.46271,0.3713999999999999,0.3794999999999999,0.3887199999999999,0.45508,0.04736,0.05546,0.06468,0.13104,3.1483,1.7965547064682816
0.41396,0.46929,0.4820799999999999,0.48924,0.39816,0.45349,0.46628,0.4734399999999999,0.37824,0.43357,0.44636,0.45352,0.04478,0.10011,0.1129,0.12006,6.3003,14.045693741974205
0.46685,0.50461,0.50885,0.5201199999999999,0.45885,0.49661,0.50085,0.5121199999999999,0.43698,0.47474,0.4789799999999999,0.4902499999999999,0.40779,0.44555,0.4497899999999999,0.4610599999999999,3.3065,4.609371761964964
0.3761,0.42687,0.47761,0.49594,0.3714599999999999,0.42223,0.47297,0.4912999999999999,0.34418,0.39495,0.44569,0.46402,0.03581,0.0865799999999999,0.13732,0.15565,4.2478,3.847576655506684
0.42472,0.44767,0.5192300000000001,0.55778,0.40589,0.42884,0.5004,0.53895,0.08728,0.11023,0.18179,0.22034,0.04477,0.06772,0.13928,0.17783,2.6925,11.254134062349417
0.37149,0.38198,0.39815,0.4499599999999999,0.36964,0.38013,0.3963,0.44811,0.36223,0.37272,0.38889,0.4407,0.04477,0.05526,0.07143,0.12324,4.5576,11.63907036894843
0.35198,0.39432,0.39502,0.43251,0.35119,0.39353,0.39423,0.43172,0.33155,0.37389,0.37459,0.41208,0.0275599999999999,0.0699,0.0706,0.10809,2.7811,15.00429235119071
0.34681,0.38518,0.4021,0.43453,0.34653,0.3849,0.40182,0.43425,0.33832,0.37669,0.39361,0.42604,0.32509,0.36346,0.38038,0.41281,0.0,10.15527932128572
0.38615,0.40571,0.41124,0.45656,0.3838,0.40336,0.40889,0.45421,0.3326099999999999,0.35217,0.3576999999999999,0.40302,0.05346,0.0730199999999999,0.07855,0.12387,4.6874,17.736015846858056
0.49495,0.5317,0.6099,0.6489,0.40259,0.43934,0.51754,0.55654,0.38348,0.42023,0.49843,0.53743,0.0240599999999999,0.0608099999999999,0.13901,0.17801,1.3803,6.031223560771065
0.35266,0.35861,0.40208,0.44189,0.33399,0.33994,0.38341,0.42322,0.3324399999999999,0.3383899999999999,0.38186,0.42167,0.30428,0.31023,0.3537,0.39351,3.5185,32.584114232040534
0.36624,0.37215,0.37731,0.38619,0.36204,0.36795,0.37311,0.38199,0.35831,0.36422,0.36938,0.37826,0.33411,0.34002,0.34518,0.35406,3.29,12.470593587850312
0.37466,0.39699,0.45612,0.4734,0.3705699999999999,0.3928999999999999,0.45203,0.46931,0.36039,0.38272,0.44185,0.45913,0.35668,0.37901,0.43814,0.45542,3.4631,9.80580850278718
0.38726,0.4003,0.45813,0.46353,0.3792,0.39224,0.45007,0.45547,0.35874,0.37178,0.42961,0.43501,0.35484,0.36788,0.42571,0.43111,3.6045,9.551174943778731
0.39372,0.48647,0.49028,0.50741,0.39237,0.48512,0.48893,0.50606,0.38666,0.47941,0.48322,0.5003500000000001,0.0248,0.1175499999999999,0.12136,0.13849,3.9244,4.847679492293193
0.40999,0.48249,0.5065000000000001,0.50853,0.39666,0.46916,0.49317,0.4952,0.39557,0.46807,0.4920799999999999,0.49411,0.0402,0.1127,0.13671,0.13874,2.9489,1.0769219346514087
0.40454,0.46672,0.49713,0.51548,0.35961,0.42179,0.4522,0.47055,0.3524,0.41458,0.44499,0.46334,0.33887,0.40105,0.43146,0.44981,3.932,14.1747174490358
0.41722,0.43661,0.45846,0.46809,0.4061099999999999,0.4255,0.4473499999999999,0.45698,0.3815199999999999,0.40091,0.4227599999999999,0.43239,0.3490999999999999,0.36849,0.3903399999999999,0.39997,1.7518,7.996484339591577
0.42717,0.43058,0.44663,0.49369,0.38025,0.38366,0.39971,0.44677,0.3742,0.37761,0.39366,0.44072,0.3493,0.35271,0.36876,0.41582,2.4255,13.268242200080612
0.41561,0.42591,0.47412,0.4902999999999999,0.3765799999999999,0.38688,0.43509,0.4512699999999999,0.37039,0.38069,0.4289,0.44508,0.36282,0.37312,0.42133,0.4375099999999999,1.411,1.692537743547639
0.42145,0.44107,0.48198,0.49189,0.4088199999999999,0.42844,0.46935,0.47926,0.38039,0.40001,0.44092,0.45083,0.3494,0.36902,0.40993,0.41984,1.3697,7.508751110537624
0.41111,0.43538,0.47014,0.48211,0.3959,0.42017,0.45493,0.4669,0.38781,0.41208,0.44684,0.45881,0.05656,0.08083,0.11559,0.12756,4.9151,15.51483744076403
0.39357,0.44763,0.48478,0.4957899999999999,0.3802,0.43426,0.47141,0.4824199999999999,0.37415,0.42821,0.46536,0.4763699999999999,0.35717,0.41123,0.44838,0.4593899999999999,4.7374,15.58473461607009
0.35117,0.37995,0.4072,0.42914,0.33392,0.3626999999999999,0.3899499999999999,0.41189,0.31728,0.34606,0.37331,0.39525,0.31528,0.34406,0.37131,0.39325,6.4399,16.024904534505033
0.37897,0.41463,0.42212,0.45601,0.34579,0.3814499999999999,0.3889399999999999,0.42283,0.33076,0.3664199999999999,0.3739099999999999,0.4078,0.29642,0.33208,0.33957,0.37346,1.8991,7.916775041223119
0.36378,0.40058,0.44583,0.46102,0.34207,0.37887,0.42412,0.43931,0.3263,0.3631,0.40835,0.42354,0.06405,0.10085,0.1461,0.16129,5.3007,15.50730790691924
0.36534,0.39277,0.43914,0.45287,0.3482099999999999,0.37564,0.42201,0.4357399999999999,0.3221299999999999,0.34956,0.39593,0.4096599999999999,0.06506,0.09249,0.1388599999999999,0.15259,4.7812,14.093817376897338
0.34413,0.3758499999999999,0.37983,0.3827899999999999,0.33368,0.3654,0.36938,0.37234,0.33063,0.36235,0.36633,0.36929,0.06382,0.09554,0.09952,0.10248,5.5582,1.025777227276956
0.36993,0.4063299999999999,0.44891,0.4615,0.3504299999999999,0.38683,0.4294099999999999,0.4419999999999999,0.3341699999999999,0.3705699999999999,0.41315,0.42574,0.0685,0.1049,0.14748,0.16007,4.9916,14.514964391734944
0.3948,0.43996,0.49193,0.49742,0.3410899999999999,0.38625,0.4382199999999999,0.44371,0.3407799999999999,0.38594,0.43791,0.4434,0.32802,0.37318,0.42515,0.43064,3.3848,10.164243751504584
0.43177,0.44591,0.49485,0.51385,0.3929899999999999,0.40713,0.45607,0.47507,0.3732299999999999,0.38737,0.43631,0.45531,0.3581899999999999,0.37233,0.42127,0.4402699999999999,1.5354,4.40654531729033
0.38699,0.3922799999999999,0.44737,0.46987,0.38604,0.3913299999999999,0.44642,0.46892,0.37075,0.37604,0.43113,0.45363,0.34092,0.3462099999999999,0.4013,0.4237999999999999,3.8578,6.5378014928567545
0.37866,0.37954,0.4031,0.43003,0.36678,0.36766,0.39122,0.41815,0.35198,0.35286,0.37642,0.40335,0.32417,0.32505,0.34861,0.37554,1.7423,1.823389550626342
0.31792,0.31793,0.33716,0.35951,0.31791,0.31792,0.33715,0.3595,0.049,0.04901,0.06824,0.0905899999999999,0.04899,0.049,0.06823,0.09058,0.0,18.67223335918872
0.35107,0.38011,0.39005,0.41838,0.32058,0.34962,0.35956,0.38789,0.28114,0.31018,0.32012,0.34845,0.03548,0.06452,0.07446,0.1027899999999999,0.0414,16.03235085985001
0.3596,0.3880699999999999,0.4201999999999999,0.47696,0.358,0.38647,0.4185999999999999,0.47536,0.29807,0.32654,0.35867,0.41543,0.0588,0.08727,0.1194,0.17616,2.0047,16.731745831602073
0.36002,0.38314,0.41852,0.46756,0.35794,0.3810599999999999,0.41644,0.46548,0.28031,0.30343,0.33881,0.38785,0.0571099999999999,0.08023,0.1156099999999999,0.16465,3.0084,19.855163859644502
0.36225,0.37779,0.39599,0.44023,0.32725,0.34279,0.36099,0.40523,0.30547,0.32101,0.33921,0.38345,0.28595,0.30149,0.31969,0.36393,0.0,8.183959072071007
0.36098,0.39429,0.42164,0.48121,0.3386,0.37191,0.39926,0.45883,0.29841,0.33172,0.35907,0.41864,0.05752,0.09083,0.11818,0.17775,2.9573,11.90614509570583
0.35412,0.37968,0.38768,0.42029,0.3444399999999999,0.37,0.378,0.41061,0.3200099999999999,0.34557,0.35357,0.3861799999999999,0.02616,0.05172,0.05972,0.09233,3.1753,11.022686168383215
0.35988,0.37971,0.41553,0.42155,0.3533699999999999,0.3732,0.40902,0.4150399999999999,0.2817599999999999,0.3015899999999999,0.33741,0.3434299999999999,0.0600399999999999,0.07987,0.1156899999999999,0.1217099999999999,0.1931,10.915705496821236
0.3599299999999999,0.41194,0.43583,0.47178,0.32968,0.38169,0.40558,0.44153,0.29222,0.34423,0.36812,0.40407,0.2527999999999999,0.3048099999999999,0.3287,0.36465,2.4463,16.74873069379687
0.36372,0.39184,0.40484,0.44978,0.33364,0.3617599999999999,0.37476,0.4196999999999999,0.2938,0.32192,0.33492,0.37986,0.0402499999999999,0.06837,0.08137,0.12631,0.805,14.41602812474134
0.31871,0.3404399999999999,0.37538,0.39379,0.31745,0.33918,0.37412,0.39253,0.04525,0.06698,0.10192,0.1203299999999999,0.03599,0.05772,0.0926599999999999,0.11107,0.0,31.12046328982481
0.3886199999999999,0.3911,0.43394,0.46726,0.36369,0.36617,0.40901,0.44233,0.32345,0.32593,0.36877,0.40209,0.30085,0.30333,0.34617,0.37949,1.0163,13.68283809789962
0.3747499999999999,0.39341,0.43644,0.45181,0.34153,0.36019,0.40322,0.41859,0.31303,0.33169,0.37472,0.39009,0.2896399999999999,0.3082999999999999,0.35133,0.3666999999999999,2.1848,16.972466435180635
0.37233,0.37251,0.41566,0.44189,0.34331,0.34349,0.38664,0.41287,0.07333,0.0735099999999999,0.11666,0.14289,0.0513499999999999,0.0515299999999999,0.09468,0.12091,0.9553,24.2096299211698
0.33025,0.37149,0.3926,0.40015,0.31916,0.3604,0.38151,0.38906,0.29086,0.3321,0.35321,0.36076,0.02824,0.06948,0.09059,0.09814,2.141,14.90662052422793
0.33216,0.37131,0.39291,0.40786,0.3098,0.34895,0.37055,0.3855,0.28368,0.32283,0.34443,0.35938,0.02186,0.06101,0.08261,0.09756,0.2594,16.220366730954844
0.37327,0.3854,0.41083,0.47487,0.36782,0.37995,0.40538,0.46942,0.3308299999999999,0.34296,0.36839,0.43243,0.06011,0.07224,0.0976699999999999,0.16171,3.6987,17.868366480832357
0.3645299999999999,0.3939999999999999,0.40101,0.44389,0.3352,0.36467,0.37168,0.41456,0.29978,0.32925,0.33626,0.37914,0.04566,0.07513,0.08214,0.12502,1.7876,13.996501750080268
0.37308,0.38294,0.42655,0.44455,0.34093,0.35079,0.3944,0.4124,0.30955,0.31941,0.36302,0.38102,0.29075,0.30061,0.3442199999999999,0.36222,1.5938,13.727785734050483
0.35879,0.39074,0.4289099999999999,0.44575,0.35416,0.38611,0.42428,0.44112,0.2986,0.33055,0.36872,0.38556,0.04729,0.07924,0.11741,0.13425,1.7498,13.239500468421507
0.37582,0.40914,0.45952,0.4641,0.3456499999999999,0.37897,0.42935,0.43393,0.0834999999999999,0.11682,0.1672,0.17178,0.0460799999999999,0.0794,0.12978,0.13436,2.2229,15.477765510994582
0.38098,0.4053,0.4428999999999999,0.46438,0.35634,0.38066,0.4182599999999999,0.43974,0.30916,0.33348,0.3710799999999999,0.39256,0.0519899999999999,0.07631,0.11391,0.1353899999999999,0.6106,11.36788555419755
0.37215,0.3816,0.40024,0.45328,0.36317,0.37262,0.39126,0.4443,0.32237,0.33182,0.35046,0.4035,0.297,0.30645,0.32509,0.37813,1.7012,12.275163292328672
0.4123,0.44721,0.48905,0.5186499999999999,0.38382,0.41873,0.46057,0.49017,0.33092,0.36583,0.40767,0.4372699999999999,0.30374,0.33865,0.38049,0.4100899999999999,0.325,8.453672499373669
0.41225,0.4471799999999999,0.489,0.52045,0.38227,0.4171999999999999,0.45902,0.4904699999999999,0.3324,0.36733,0.40915,0.4406,0.30298,0.33791,0.37973,0.41118,0.0,8.723551896255714
0.35972,0.38458,0.40528,0.4362399999999999,0.34093,0.36579,0.38649,0.41745,0.0674,0.09226,0.11296,0.14392,0.04625,0.07111,0.09181,0.12277,3.296,14.731543371735812
0.37142,0.38537,0.42067,0.45908,0.36284,0.3767899999999999,0.4120899999999999,0.4505,0.30729,0.3212399999999999,0.3565399999999999,0.39495,0.30113,0.3150799999999999,0.35038,0.3887899999999999,1.5282,12.248357769105212
0.35333,0.38534,0.43021,0.46625,0.3266,0.35861,0.40348,0.43952,0.30887,0.34088,0.38575,0.42179,0.23973,0.27174,0.31661,0.35265,1.3494,11.755329525510264
0.35121,0.38967,0.39881,0.46032,0.34721,0.38567,0.39481,0.45632,0.31838,0.35684,0.3659799999999999,0.42749,0.04576,0.08422,0.09336,0.15487,2.7052,23.02888659314645
0.34324,0.37041,0.39663,0.42739,0.31291,0.34008,0.3663,0.39706,0.30949,0.3366599999999999,0.36288,0.39364,0.24597,0.27314,0.29936,0.3301199999999999,1.9482,21.56947248976355
0.36908,0.37209,0.41609,0.44768,0.35773,0.36074,0.40474,0.43633,0.32187,0.32488,0.36888,0.40047,0.28428,0.28729,0.33129,0.36288,1.0832,11.735175796439238
0.38389,0.43071,0.45493,0.50456,0.35627,0.40309,0.42731,0.47694,0.32594,0.37276,0.39698,0.44661,0.04065,0.08747,0.11169,0.16132,4.0936,5.236745562528951
0.35924,0.38256,0.41719,0.41735,0.35235,0.37567,0.4103,0.41046,0.28853,0.31185,0.34648,0.34664,0.0601,0.08342,0.11805,0.11821,1.8886,16.177382837776943
0.34847,0.38243,0.40378,0.42156,0.31705,0.35101,0.37236,0.39014,0.28954,0.3235,0.34485,0.36263,0.02846,0.06242,0.08377,0.10155,1.6733,15.18484337730664
0.3821099999999999,0.4244599999999999,0.4639999999999999,0.5012,0.34558,0.38793,0.42747,0.46467,0.3237799999999999,0.3661299999999999,0.40567,0.44287,0.2921899999999999,0.3345399999999999,0.3740799999999999,0.41128,0.8735,6.224507617474655
0.35738,0.38443,0.4055,0.43446,0.33684,0.36389,0.38496,0.41392,0.29402,0.3210699999999999,0.34214,0.3711,0.0543,0.08135,0.10242,0.13138,3.5843,10.9783946409907
0.35195,0.39674,0.42494,0.45932,0.32184,0.36663,0.39483,0.42921,0.28462,0.32941,0.35761,0.39199,0.02582,0.0706099999999999,0.09881,0.13319,5.4682,12.620804832233691
0.36836,0.38268,0.4158,0.46778,0.34596,0.36028,0.3933999999999999,0.44538,0.29837,0.31269,0.34581,0.39779,0.04858,0.0629,0.09602,0.148,3.52,13.332474853529632
